PROSPERO;SO;AU_CO;PY
Yes;BMJ OPEN;UNITED KINGDOM;2012
Yes;BMJ OPEN;ENGLAND;2012
Yes;SYST REV;ENGLAND;2012
Yes;SYST REV;ENGLAND;2012
Yes;BMJ OPEN;ENGLAND;2012
Yes;SYST REV;CANADA;2012
Yes;SYST REV;ENGLAND;2012
Yes;SYST REV;UNITED KINGDOM;2013
Yes;SYST REV;CANADA;2012
Yes;SYST REV;ENGLAND;2012
Yes;BMJ OPEN;ENGLAND;2012
Yes;SYST REV;CANADA;2013
Yes;SYST REV;ENGLAND;2013
Yes;SYST REV;ENGLAND;2013
Yes;INFORM PRIM CARE;ENGLAND;2012
Yes;SYST REV;CANADA;2013
Yes;SYST REV;ENGLAND;2013
Yes;SYST REV;ENGLAND;2014
Yes;SYST REV;ENGLAND;2013
Yes;SYST REV;ENGLAND;2013
Yes;BMJ OPEN;ENGLAND;2013
Yes;SYST REV;CANADA;2013
Yes;SYST REV;CANADA;2013
Yes;SYST REV;CANADA;2013
Yes;SYST REV;UNITED KINGDOM;2013
Yes;SYST REV;CANADA;2013
Yes;SYST REV;ENGLAND;2013
Yes;SYST REV;ENGLAND;2014
Yes;SYST REV;ENGLAND;2013
Yes;SYST REV;ENGLAND;2013
Yes;SYST REV;ENGLAND;2013
Yes;SYST REV;ENGLAND;2014
Yes;SYST REV;CANADA;2013
Yes;SYST REV;UNITED KINGDOM;2013
Yes;SYST REV;ENGLAND;2014
Yes;SYST REV;UNITED KINGDOM;2013
Yes;SYST REV;CANADA;2013
Yes;SYST REV;ENGLAND;2013
Yes;SYST REV;ENGLAND;2013
Yes;SYST REV;CANADA;2013
Yes;SYST REV;UNITED STATES;2013
Yes;BMJ OPEN;ENGLAND;2013
Yes;BMJ OPEN;ENGLAND;2014
Yes;SYST REV;ENGLAND;2014
Yes;SYST REV;ENGLAND;2014
Yes;BMJ OPEN;ENGLAND;2014
Yes;BMJ OPEN;ENGLAND;2014
Yes;BMJ OPEN;ENGLAND;2013
Yes;SYST REV;ENGLAND;2013
Yes;SYST REV;CANADA;2013
Yes;SYST REV;ENGLAND;2015
Yes;BMJ OPEN;ENGLAND;2013
Yes;BMJ OPEN;ENGLAND;2013
Yes;SYST REV;ENGLAND;2014
Yes;SYST REV;CANADA;2013
Yes;BMJ OPEN;ENGLAND;2014
Yes;BMJ OPEN;ENGLAND;2014
Yes;SYST REV;ENGLAND;2013
Yes;SYST REV;ENGLAND;2015
Yes;SYST REV;ENGLAND;2014
Yes;SYST REV;UNITED STATES;2014
Yes;BMJ OPEN;ENGLAND;2014
Yes;SYST REV;CANADA;2014
Yes;BMJ OPEN;ENGLAND;2014
Yes;SYST REV;ENGLAND;2015
Yes;BMJ OPEN;ENGLAND;2014
Yes;SYST REV;CANADA;2013
Yes;SYST REV;UNITED KINGDOM;2014
Yes;SYST REV;ENGLAND;2014
Yes;SYST REV;ENGLAND;2014
Yes;SYST REV;ENGLAND;2014
Yes;SYST REV;CANADA;2014
Yes;BMJ OPEN;ENGLAND;2014
Yes;BMJ OPEN;ENGLAND;2014
Yes;SYST REV;UNITED STATES;2014
Yes;SYST REV;ENGLAND;2014
Yes;BMJ OPEN;ENGLAND;2014
Yes;BMJ OPEN;UNITED STATES;2015
Yes;SYST REV;CANADA;2014
Yes;BMJ OPEN;ENGLAND;2014
Yes;BMJ OPEN;UNITED KINGDOM;2014
Yes;SYST REV;CANADA;2014
Yes;BMJ OPEN;ENGLAND;2014
Yes;SYST REV;ENGLAND;2014
Yes;SYST REV;ENGLAND;2014
Yes;SYST REV;ENGLAND;2014
Yes;SYST REV;ENGLAND;2014
Yes;SYST REV;UNITED KINGDOM;2014
Yes;SYST REV;ENGLAND;2014
Yes;SYST REV;CANADA;2014
Yes;BMJ OPEN;ENGLAND;2014
Yes;SYST REV;ENGLAND;2014
Yes;BMJ OPEN;UNITED STATES;2014
Yes;SYST REV;ENGLAND;2014
Yes;BMJ OPEN;ENGLAND;2014
Yes;SYST REV;UNITED KINGDOM;2014
Yes;BMJ OPEN;ENGLAND;2014
Yes;SYST REV;ENGLAND;2014
Yes;SYST REV;CANADA;2015
Yes;SYST REV;UNITED KINGDOM;2014
Yes;SYST REV;UNITED STATES;2014
Yes;BMJ OPEN;ENGLAND;2014
Yes;SYST REV;ENGLAND;2014
Yes;SYST REV;ENGLAND;2014
Yes;SYST REV;UNITED STATES;2014
Yes;SYST REV;ENGLAND;2014
Yes;BMJ OPEN;ENGLAND;2014
Yes;SYST REV;UNITED KINGDOM;2014
Yes;BMJ OPEN;ENGLAND;2014
Yes;SYST REV;ENGLAND;2014
Yes;SYST REV;ENGLAND;2014
Yes;SYST REV;ENGLAND;2014
Yes;SYST REV;ENGLAND;2014
Yes;SYST REV;ENGLAND;2014
Yes;SYST REV;ENGLAND;2015
Yes;SYST REV;ENGLAND;2015
Yes;SYST REV;ENGLAND;2014
Yes;SYST REV;ENGLAND;2014
Yes;SYST REV;UNITED STATES;2014
Yes;SYST REV;CANADA;2014
Yes;J GLOB HEALTH;SCOTLAND;2014
Yes;BMJ OPEN;ENGLAND;2014
Yes;BMJ OPEN;ENGLAND;2014
Yes;SYST REV;ENGLAND;2014
Yes;SYST REV;UNITED KINGDOM;2014
Yes;SYST REV;CANADA;2014
Yes;SYST REV;ENGLAND;2016
Yes;BMJ OPEN;CANADA;2015
Yes;SYST REV;ENGLAND;2014
Yes;SYST REV;ENGLAND;2014
Yes;BMJ OPEN;ENGLAND;2014
Yes;JMIR RES PROTOC;CANADA;2017
Yes;SYST REV;ENGLAND;2014
Yes;BMJ OPEN;UNITED KINGDOM;2014
Yes;SYST REV;ENGLAND;2015
Yes;SYST REV;CANADA;2014
Yes;SYST REV;UNITED STATES;2015
Yes;BMJ OPEN;ENGLAND;2014
Yes;BMJ OPEN;ENGLAND;2014
Yes;BMJ OPEN;ENGLAND;2015
Yes;SYST REV;CANADA;2014
Yes;SYST REV;CANADA;2014
Yes;SYST REV;ENGLAND;2014
Yes;BMJ OPEN;ENGLAND;2016
Yes;BMJ OPEN;ENGLAND;2015
Yes;SYST REV;ENGLAND;2014
Yes;SYST REV;CANADA;2014
Yes;SYST REV;ENGLAND;2015
Yes;BMJ OPEN;ENGLAND;2014
Yes;SYST REV;ENGLAND;2014
Yes;BMJ OPEN;UNITED KINGDOM;2015
Yes;SYST REV;ENGLAND;2015
Yes;SYST REV;CANADA;2014
Yes;BMJ OPEN;ENGLAND;2015
Yes;J INNOV HEALTH INFORM;ENGLAND;2015
Yes;BMJ OPEN;ENGLAND;2015
Yes;BMJ OPEN;ENGLAND;2015
Yes;JMIR RES PROTOC;CANADA;2015
Yes;BMJ OPEN;ENGLAND;2015
Yes;SYST REV;ENGLAND;2014
Yes;JMIR RES PROTOC;UNITED KINGDOM;2015
Yes;SYST REV;ENGLAND;2014
Yes;SYST REV;ENGLAND;2015
Yes;SYST REV;UNITED KINGDOM;2015
Yes;SYST REV;ENGLAND;2014
Yes;BMJ OPEN;ENGLAND;2014
Yes;SYST REV;ENGLAND;2014
Yes;SYST REV;ENGLAND;2015
Yes;SYST REV;ENGLAND;2014
Yes;SYST REV;ENGLAND;2014
Yes;SYST REV;ENGLAND;2015
Yes;SYST REV;UNITED KINGDOM;2014
Yes;SYST REV;CANADA;2014
Yes;SYST REV;ENGLAND;2014
Yes;BMJ OPEN;ENGLAND;2015
Yes;SYST REV;ENGLAND;2014
Yes;BMJ OPEN;ENGLAND;2014
Yes;BMJ OPEN;ENGLAND;2015
Yes;SYST REV;UNITED KINGDOM;2015
Yes;BMJ OPEN;ENGLAND;2015
Yes;BMJ OPEN;ENGLAND;2015
Yes;BMJ OPEN;ENGLAND;2015
Yes;SYST REV;CANADA;2015
Yes;SYST REV;ENGLAND;2014
Yes;SYST REV;UNITED KINGDOM;2015
Yes;SYST REV;CANADA;2015
Yes;BMJ OPEN;ENGLAND;2015
Yes;BMJ OPEN;ENGLAND;2015
Yes;SYST REV;UNITED KINGDOM;2015
Yes;SYST REV;CANADA;2015
Yes;BMJ OPEN;ENGLAND;2015
Yes;BMJ OPEN;ENGLAND;2015
Yes;BMJ OPEN;ENGLAND;2015
Yes;BMJ OPEN;ENGLAND;2015
Yes;BMJ OPEN;ENGLAND;2015
Yes;SYST REV;ENGLAND;2014
Yes;SYST REV;ENGLAND;2015
Yes;BMJ OPEN;ENGLAND;2015
Yes;SYST REV;ENGLAND;2014
Yes;SYST REV;ENGLAND;2015
Yes;SYST REV;UNITED STATES;2015
Yes;SYST REV;UNITED KINGDOM;2015
Yes;SYST REV;ENGLAND;2017
Yes;SYST REV;CANADA;2015
Yes;SYST REV;ENGLAND;2015
Yes;BMJ OPEN;ENGLAND;2015
Yes;SYST REV;ENGLAND;2015
Yes;SYST REV;ENGLAND;2015
Yes;BMJ OPEN;ENGLAND;2015
Yes;SYST REV;ENGLAND;2015
Yes;BMJ OPEN;ENGLAND;2015
Yes;SYST REV;ENGLAND;2015
Yes;SYST REV;UNITED KINGDOM;2015
Yes;SYST REV;ENGLAND;2015
Yes;SYST REV;ENGLAND;2015
Yes;SYST REV;ENGLAND;2017
Yes;IRAN J PSYCHIATRY;IRAN;2016
Yes;BMJ OPEN;ENGLAND;2015
Yes;SYST REV;UNITED KINGDOM;2015
Yes;BMJ OPEN;UNITED STATES;2015
Yes;BMJ OPEN;ENGLAND;2015
Yes;SYST REV;ENGLAND;2015
Yes;BMJ OPEN;ENGLAND;2016
Yes;BMJ OPEN;UNITED STATES;2015
Yes;BMJ OPEN;ENGLAND;2015
Yes;JMIR RES PROTOC;CANADA;2015
Yes;BMJ OPEN;UNITED STATES;2016
Yes;SYST REV;ENGLAND;2018
Yes;SYST REV;ENGLAND;2015
Yes;BMJ OPEN;ENGLAND;2015
Yes;SYST REV;ENGLAND;2016
Yes;SYST REV;ENGLAND;2015
Yes;BMJ OPEN;ENGLAND;2015
Yes;SYST REV;ENGLAND;2015
Yes;SYST REV;UNITED KINGDOM;2016
Yes;BMJ OPEN;ENGLAND;2015
Yes;SYST REV;ENGLAND;2015
Yes;SYST REV;ENGLAND;2015
Yes;BMJ OPEN;ENGLAND;2015
Yes;BMJ OPEN;ENGLAND;2015
Yes;SYST REV;ENGLAND;2016
Yes;SYST REV;ENGLAND;2015
Yes;BMJ OPEN;ENGLAND;2015
Yes;BMJ OPEN;ENGLAND;2015
Yes;SYST REV;ENGLAND;2015
Yes;SYST REV;ENGLAND;2016
Yes;SYST REV;ENGLAND;2015
Yes;SYST REV;ENGLAND;2016
Yes;SYST REV;ENGLAND;2016
Yes;SYST REV;UNITED KINGDOM;2015
Yes;SYST REV;ENGLAND;2015
Yes;SYST REV;UNITED KINGDOM;2016
Yes;SYST REV;UNITED KINGDOM;2015
Yes;BMJ OPEN;ENGLAND;2015
Yes;J ADV NURS;ENGLAND;2015
Yes;SYST REV;ENGLAND;2015
Yes;SYST REV;ENGLAND;2015
Yes;SYST REV;UNITED KINGDOM;2015
Yes;SYST REV;CANADA;2016
Yes;SYST REV;UNITED KINGDOM;2015
Yes;SYST REV;ENGLAND;2016
Yes;SYST REV;ENGLAND;2015
Yes;SYST REV;ENGLAND;2015
Yes;BMJ OPEN;ENGLAND;2015
Yes;BMJ OPEN;ENGLAND;2015
Yes;SYST REV;ENGLAND;2015
Yes;SYST REV;ENGLAND;2016
Yes;MEDICINE (BALTIMORE);UNITED STATES;2017
Yes;SYST REV;ENGLAND;2015
Yes;BMJ OPEN;ENGLAND;2015
Yes;JMIR RES PROTOC;CANADA;2015
Yes;SYST REV;ENGLAND;2015
Yes;SYST REV;ENGLAND;2015
Yes;BMJ OPEN;ENGLAND;2015
Yes;SYST REV;UNITED STATES;2015
Yes;SYST REV;ENGLAND;2015
Yes;SYST REV;ENGLAND;2015
Yes;SYST REV;ENGLAND;2016
Yes;SYST REV;CANADA;2015
Yes;SYST REV;ENGLAND;2015
Yes;SYST REV;UNITED STATES;2017
Yes;SYST REV;ENGLAND;2015
Yes;SYST REV;UNITED KINGDOM;2016
Yes;SYST REV;UNITED KINGDOM;2016
Yes;SYST REV;CANADA;2016
Yes;SYST REV;ENGLAND;2017
Yes;SYST REV;ENGLAND;2015
Yes;SYST REV;ENGLAND;2015
Yes;SYST REV;ENGLAND;2015
Yes;SYST REV;ENGLAND;2015
Yes;SYST REV;UNITED KINGDOM;2016
Yes;SYST REV;ENGLAND;2015
Yes;SYST REV;ENGLAND;2017
Yes;SYST REV;ENGLAND;2015
Yes;SYST REV;ENGLAND;2016
Yes;SYST REV;ENGLAND;2016
Yes;SYST REV;ENGLAND;2016
Yes;SYST REV;ENGLAND;2017
Yes;SYST REV;UNITED KINGDOM;2016
Yes;SYST REV;ENGLAND;2015
Yes;SYST REV;ENGLAND;2016
Yes;BMJ OPEN;ENGLAND;2015
Yes;SYST REV;UNITED KINGDOM;2016
Yes;SYST REV;ENGLAND;2016
Yes;SYST REV;ENGLAND;2015
Yes;BMJ OPEN;ENGLAND;2016
Yes;SYST REV;UNITED STATES;2015
Yes;SYST REV;ENGLAND;2018
Yes;BMJ OPEN;ENGLAND;2015
Yes;SYST REV;ENGLAND;2015
Yes;SYST REV;ENGLAND;2016
Yes;SYST REV;ENGLAND;2015
Yes;BMJ OPEN;ENGLAND;2015
Yes;BMJ OPEN;ENGLAND;2016
Yes;SYST REV;ENGLAND;2017
Yes;BMJ OPEN;ENGLAND;2015
Yes;ASIAN PAC. J. CANCER PREV.;THAILAND;2016
Yes;SYST REV;CANADA;2015
Yes;BMJ OPEN;UNITED KINGDOM;2015
Yes;SYST REV;UNITED KINGDOM;2016
Yes;SYST REV;ENGLAND;2015
Yes;SYST REV;ENGLAND;2016
Yes;BMJ OPEN;CANADA;2016
Yes;JMIR RES PROTOC;CANADA;2015
Yes;BMJ OPEN;ENGLAND;2016
Yes;SYST REV;ENGLAND;2015
Yes;SYST REV;ENGLAND;2015
Yes;SYST REV;CANADA;2016
Yes;SYST REV;ENGLAND;2016
Yes;SYST REV;ENGLAND;2015
Yes;SYST REV;ENGLAND;2016
Yes;BMJ OPEN;ENGLAND;2016
Yes;SYST REV;ENGLAND;2016
Yes;SYST REV;ENGLAND;2015
Yes;SYST REV;UNITED STATES;2015
Yes;SYST REV;ENGLAND;2015
Yes;BMJ OPEN;ENGLAND;2016
Yes;SYST REV;UNITED KINGDOM;2015
Yes;SYST REV;ENGLAND;2015
Yes;SYST REV;ENGLAND;2015
Yes;SYST REV;UNITED KINGDOM;2016
Yes;BMJ OPEN;ENGLAND;2015
Yes;SYST REV;ENGLAND;2016
Yes;JMIR RES PROTOC;CANADA;2016
Yes;SYST REV;ENGLAND;2017
Yes;BMJ OPEN;CANADA;2015
Yes;BMJ OPEN;ENGLAND;2016
Yes;JMIR RES PROTOC;UNITED KINGDOM;2016
Yes;BMJ OPEN;UNITED KINGDOM;2016
Yes;SYST REV;ENGLAND;2016
Yes;BMJ OPEN;ENGLAND;2016
Yes;SYST REV;ENGLAND;2016
Yes;SYST REV;ENGLAND;2016
Yes;SYST REV;ENGLAND;2015
Yes;SYST REV;UNITED KINGDOM;2016
Yes;SYST REV;ENGLAND;2015
Yes;BMJ OPEN;UNITED KINGDOM;2015
Yes;MEDICINE (BALTIMORE);UNITED STATES;2017
Yes;J GASTROINTEST ONCOL;CHINA;2016
Yes;SYST REV;UNITED KINGDOM;2016
Yes;BMJ OPEN;ENGLAND;2015
Yes;SYST REV;ENGLAND;2015
Yes;SYST REV;ENGLAND;2016
Yes;BMJ OPEN;ENGLAND;2016
Yes;SYST REV;ENGLAND;2016
Yes;SYST REV;ENGLAND;2016
Yes;SYST REV;ENGLAND;2016
Yes;SYST REV;ENGLAND;2016
Yes;SYST REV;ENGLAND;2015
Yes;BMJ OPEN;ENGLAND;2016
Yes;SYST REV;ENGLAND;2016
Yes;SYST REV;ENGLAND;2016
Yes;SYST REV;ENGLAND;2016
Yes;SYST REV;ENGLAND;2016
Yes;SYST REV;UNITED KINGDOM;2015
Yes;BMJ OPEN;ENGLAND;2017
Yes;SYST REV;ENGLAND;2017
Yes;SYST REV;UNITED KINGDOM;2016
Yes;SYST REV;UNITED KINGDOM;2016
Yes;SYST REV;UNITED STATES;2017
Yes;SYST REV;ENGLAND;2015
Yes;BMJ OPEN;ENGLAND;2016
Yes;SYST REV;ENGLAND;2016
Yes;SYST REV;ENGLAND;2016
Yes;SYST REV;CANADA;2016
Yes;SYST REV;ENGLAND;2016
Yes;SYST REV;ENGLAND;2016
Yes;SYST REV;ENGLAND;2016
Yes;SYST REV;ENGLAND;2016
Yes;SYST REV;ENGLAND;2015
Yes;SYST REV;ENGLAND;2016
Yes;SYST REV;ENGLAND;2016
Yes;SYST REV;ENGLAND;2016
Yes;SYST REV;ENGLAND;2016
Yes;BMJ OPEN;ENGLAND;2016
Yes;SYST REV;UNITED KINGDOM;2016
Yes;SYST REV;UNITED KINGDOM;2017
Yes;SYST REV;ENGLAND;2016
Yes;SYST REV;ENGLAND;2016
Yes;BMJ OPEN;ENGLAND;2016
Yes;BMJ OPEN;ENGLAND;2017
Yes;SYST REV;ENGLAND;2016
Yes;SYST REV;ENGLAND;2016
Yes;SYST REV;ENGLAND;2016
Yes;BMJ OPEN;ENGLAND;2016
Yes;BMJ OPEN;ENGLAND;2016
Yes;SYST REV;UNITED KINGDOM;2016
Yes;SYST REV;ENGLAND;2016
Yes;SYST REV;ENGLAND;2016
Yes;SYST REV;ENGLAND;2017
Yes;SYST REV;ENGLAND;2017
Yes;BMJ OPEN;ENGLAND;2016
Yes;SYST REV;ENGLAND;2017
Yes;SYST REV;ENGLAND;2016
Yes;SYST REV;UNITED KINGDOM;2016
Yes;BMJ OPEN;ENGLAND;2018
Yes;JMIR RES PROTOC;CANADA;2017
Yes;BMJ OPEN;ENGLAND;2016
Yes;SYST REV;ENGLAND;2017
Yes;SYST REV;ENGLAND;2017
Yes;SYST REV;ENGLAND;2016
Yes;SYST REV;ENGLAND;2016
Yes;JBI DATABASE SYSTEM REV IMPLEMENT REP;AUSTRALIA;2015
Yes;SYST REV;ENGLAND;2016
Yes;BMJ OPEN;ENGLAND;2016
Yes;SYST REV;ENGLAND;2016
Yes;BMJ OPEN;UNITED KINGDOM;2016
Yes;SYST REV;UNITED KINGDOM;2016
Yes;SYST REV;ENGLAND;2016
Yes;SYST REV;UNITED KINGDOM;2016
Yes;SYST REV;ENGLAND;2017
Yes;SYST REV;ENGLAND;2016
Yes;SYST REV;ENGLAND;2016
Yes;SYST REV;CANADA;2018
Yes;SYST REV;ENGLAND;2016
Yes;SYST REV;ENGLAND;2016
Yes;SYST REV;ENGLAND;2016
Yes;SYST REV;CANADA;2017
Yes;SYST REV;ENGLAND;2016
Yes;SYST REV;ENGLAND;2016
Yes;SYST REV;ENGLAND;2017
Yes;SYST REV;ENGLAND;2016
Yes;SYST REV;ENGLAND;2017
Yes;SYST REV;UNITED STATES;2016
Yes;SYST REV;ENGLAND;2017
Yes;SYST REV;ENGLAND;2016
Yes;SYST REV;ENGLAND;2016
Yes;IRAN J MED SCI;IRAN;2018
Yes;J EAT DISORD;ENGLAND;2017
Yes;SYST REV;ENGLAND;2017
Yes;SYST REV;ENGLAND;2016
Yes;SYST REV;ENGLAND;2016
Yes;SYST REV;ENGLAND;2016
Yes;SYST REV;ENGLAND;2016
Yes;SYST REV;ENGLAND;2017
Yes;SYST REV;ENGLAND;2016
Yes;JMIR RES PROTOC;UNITED STATES;2017
Yes;SYST REV;ENGLAND;2016
Yes;BMJ OPEN;ENGLAND;2017
Yes;SYST REV;ENGLAND;2016
Yes;SYST REV;ENGLAND;2017
Yes;CLIN TRANSL ALLERGY;ENGLAND;2016
Yes;SYST REV;CANADA;2016
Yes;SYST REV;ENGLAND;2016
Yes;CAN J KIDNEY HEALTH DIS;ENGLAND;2017
Yes;SYST REV;ENGLAND;2016
Yes;SYST REV;ENGLAND;2016
Yes;SYST REV;ENGLAND;2016
Yes;SYST REV;ENGLAND;2016
Yes;SYST REV;UNITED KINGDOM;2016
Yes;BMJ OPEN;UNITED KINGDOM;2017
Yes;SYST REV;ENGLAND;2017
Yes;SYST REV;ENGLAND;2016
Yes;SYST REV;UNITED KINGDOM;2016
Yes;SYST REV;ENGLAND;2017
Yes;BMJ OPEN;ENGLAND;2017
Yes;SYST REV;ENGLAND;2017
Yes;SYST REV;ENGLAND;2016
Yes;SYST REV;ENGLAND;2016
Yes;SYST REV;ENGLAND;2016
Yes;BMJ OPEN;ENGLAND;2016
Yes;BMJ OPEN;ENGLAND;2016
Yes;SYST REV;ENGLAND;2017
Yes;BMJ OPEN;ENGLAND;2017
Yes;SYST REV;ENGLAND;2016
Yes;SYST REV;ENGLAND;2017
Yes;SYST REV;ENGLAND;2016
Yes;SYST REV;ENGLAND;2016
Yes;SYST REV;CANADA;2016
Yes;SYST REV;ENGLAND;2017
Yes;BMJ OPEN;ENGLAND;2017
Yes;SYST REV;CANADA;2017
Yes;SYST REV;ENGLAND;2016
Yes;SYST REV;ENGLAND;2017
Yes;SYST REV;ENGLAND;2017
Yes;SYST REV;ENGLAND;2016
Yes;SYST REV;ENGLAND;2017
Yes;SYST REV;ENGLAND;2016
Yes;SYST REV;ENGLAND;2016
Yes;BMJ OPEN;INTERNATIONAL;2017
Yes;BMJ OPEN;ENGLAND;2017
Yes;SYST REV;UNITED KINGDOM;2017
Yes;JMIR RES PROTOC;CANADA;2017
Yes;SYST REV;CANADA;2018
Yes;SYST REV;ENGLAND;2017
Yes;BMJ OPEN;ENGLAND;2017
Yes;SYST REV;ENGLAND;2016
Yes;BMJ OPEN;ENGLAND;2017
Yes;BMJ OPEN;ENGLAND;2017
Yes;BMJ OPEN;ENGLAND;2017
Yes;SYST REV;ENGLAND;2016
Yes;SYST REV;ENGLAND;2016
Yes;SYST REV;ENGLAND;2016
Yes;BMJ OPEN;UNITED KINGDOM;2017
Yes;SYST REV;ENGLAND;2017
Yes;SYST REV;ENGLAND;2017
Yes;SYST REV;UNITED KINGDOM;2017
Yes;SYST REV;ENGLAND;2017
Yes;BMJ OPEN;UNITED KINGDOM;2017
Yes;SYST REV;ENGLAND;2017
Yes;BMJ OPEN;ENGLAND;2017
Yes;SYST REV;UNITED KINGDOM;2017
Yes;CAN J KIDNEY HEALTH DIS;ENGLAND;2017
Yes;BMJ OPEN;UNITED STATES;2017
Yes;BMJ OPEN;UNITED KINGDOM;2017
Yes;BMJ OPEN;UNITED KINGDOM;2017
Yes;SYST REV;CANADA;2016
Yes;SYST REV;ENGLAND;2016
Yes;SYST REV;ENGLAND;2017
Yes;SYST REV;UNITED STATES;2017
Yes;BMJ OPEN;ENGLAND;2017
Yes;SYST REV;ENGLAND;2017
Yes;SYST REV;ENGLAND;2017
Yes;BMJ OPEN;ENGLAND;2017
Yes;BMJ OPEN;ENGLAND;2017
Yes;SYST REV;ENGLAND;2017
Yes;SYST REV;ENGLAND;2017
Yes;BMJ OPEN;ENGLAND;2017
Yes;INT J COLORECTAL DIS;GERMANY;2016
Yes;SYST REV;ENGLAND;2017
Yes;BMJ OPEN;ENGLAND;2017
Yes;SYST REV;ENGLAND;2017
Yes;BMJ OPEN;ENGLAND;2017
Yes;BMJ OPEN;ENGLAND;2017
Yes;BMJ OPEN;ENGLAND;2017
Yes;SYST REV;ENGLAND;2017
Yes;SYST REV;ENGLAND;2017
Yes;SYST REV;ENGLAND;2017
Yes;SYST REV;ENGLAND;2017
Yes;SYST REV;ENGLAND;2017
Yes;BMJ OPEN;ENGLAND;2017
Yes;SYST REV;ENGLAND;2017
Yes;SYST REV;UNITED STATES;2017
Yes;BMJ OPEN;ENGLAND;2017
Yes;SYST REV;ENGLAND;2017
Yes;BMJ OPEN;UNITED STATES;2017
Yes;SYST REV;ENGLAND;2017
Yes;BMJ OPEN;ENGLAND;2017
Yes;JMIR RES PROTOC;CANADA;2018
Yes;SYST REV;ENGLAND;2017
Yes;SYST REV;UNITED STATES;2018
Yes;BMJ OPEN;ENGLAND;2017
Yes;SYST REV;ENGLAND;2017
Yes;INFECT DIS THER;NEW ZEALAND;2017
Yes;BMJ OPEN;ENGLAND;2018
Yes;BMJ OPEN;ENGLAND;2017
Yes;SYST REV;ENGLAND;2017
Yes;BMJ OPEN;ENGLAND;2017
Yes;SYST REV;ENGLAND;2017
Yes;MEDICINE (BALTIMORE);UNITED STATES;2017
Yes;SYST REV;ENGLAND;2018
Yes;MEDICINE (BALTIMORE);UNITED STATES;2018
Yes;SYST REV;UNITED KINGDOM;2017
Yes;SYST REV;ENGLAND;2017
Yes;SYST REV;ENGLAND;2017
Yes;BMJ OPEN;ENGLAND;2017
Yes;SYST REV;ENGLAND;2017
Yes;SYST REV;ENGLAND;2017
Yes;SYST REV;UNITED KINGDOM;2017
Yes;JMIR RES PROTOC;CANADA;2017
Yes;SYST REV;ENGLAND;2017
Yes;SYST REV;ENGLAND;2017
Yes;BMJ OPEN;ENGLAND;2017
Yes;SYST REV;ENGLAND;2017
Yes;BMJ OPEN;ENGLAND;2017
Yes;SYST REV;ENGLAND;2017
Yes;SYST REV;ENGLAND;2017
Yes;SYST REV;ENGLAND;2017
Yes;SYST REV;ENGLAND;2017
Yes;BMJ OPEN;ENGLAND;2017
Yes;BMJ OPEN;UNITED KINGDOM;2017
Yes;SYST REV;ENGLAND;2017
Yes;SYST REV;ENGLAND;2017
Yes;SYST REV;ENGLAND;2017
Yes;SYST REV;UNITED STATES;2017
Yes;BMJ OPEN;UNITED KINGDOM;2017
Yes;BMJ OPEN;ENGLAND;2017
Yes;SYST REV;UNITED STATES;2017
Yes;SYST REV;ENGLAND;2017
Yes;BMJ OPEN;ENGLAND;2017
Yes;BMJ OPEN;ENGLAND;2018
Yes;SYST REV;ENGLAND;2017
Yes;ACTA MED PORT;PORTUGAL;2018
Yes;BMJ OPEN;ENGLAND;2017
Yes;SYST REV;ENGLAND;2017
Yes;BMJ OPEN;ENGLAND;2017
Yes;SYST REV;ENGLAND;2017
Yes;SYST REV;ENGLAND;2017
Yes;SYST REV;ENGLAND;2017
Yes;JMIR RES PROTOC;CANADA;2017
Yes;SYST REV;ENGLAND;2017
Yes;BMJ OPEN;ENGLAND;2017
Yes;BMJ OPEN;ENGLAND;2017
Yes;SYST REV;ENGLAND;2017
Yes;SYST REV;ENGLAND;2017
Yes;SYST REV;ENGLAND;2018
Yes;SYST REV;ENGLAND;2017
Yes;BMJ OPEN;UNITED STATES;2017
Yes;BMJ OPEN;ENGLAND;2017
Yes;JMIR RES PROTOC;CANADA;2017
Yes;BMJ OPEN;ENGLAND;2017
Yes;BMJ OPEN;UNITED KINGDOM;2017
Yes;MEDICINE (BALTIMORE);UNITED STATES;2017
Yes;SYST REV;ENGLAND;2017
Yes;SYST REV;ENGLAND;2018
Yes;SYST REV;ENGLAND;2017
Yes;BMJ OPEN;ENGLAND;2017
Yes;SYST REV;ENGLAND;2018
Yes;JMIR RES PROTOC;CANADA;2017
Yes;BMJ OPEN;ENGLAND;2017
Yes;BMJ OPEN;ENGLAND;2018
Yes;BMJ OPEN;ENGLAND;2017
Yes;SYST REV;ENGLAND;2017
Yes;BMJ OPEN;ENGLAND;2017
Yes;SYST REV;ENGLAND;2018
Yes;INT J BIPOLAR DISORD;GERMANY;2017
Yes;SYST REV;ENGLAND;2017
Yes;SYST REV;ENGLAND;2017
Yes;SYST REV;ENGLAND;2017
Yes;SYST REV;ENGLAND;2017
Yes;BMJ OPEN;ENGLAND;2017
Yes;BMJ OPEN;ENGLAND;2017
Yes;SYST REV;UNITED KINGDOM;2017
Yes;BMJ OPEN;ENGLAND;2017
Yes;SYST REV;ENGLAND;2017
Yes;SYST REV;ENGLAND;2018
Yes;MEDICINE (BALTIMORE);UNITED STATES;2018
Yes;BMJ OPEN;ENGLAND;2017
Yes;SYST REV;UNITED STATES;2017
Yes;BMJ OPEN;ENGLAND;2017
Yes;JMIR RES PROTOC;CANADA;2017
Yes;SYST REV;ENGLAND;2017
Yes;BMJ OPEN;ENGLAND;2017
Yes;BMJ OPEN;ENGLAND;2017
Yes;BMJ OPEN;ENGLAND;2017
Yes;SYST REV;ENGLAND;2017
Yes;SYST REV;ENGLAND;2018
Yes;BMJ OPEN;UNITED STATES;2017
Yes;BMJ OPEN;ENGLAND;2017
Yes;SYST REV;ENGLAND;2018
Yes;BMJ OPEN;ENGLAND;2018
Yes;TRIALS;ENGLAND;2018
Yes;SYST REV;ENGLAND;2018
Yes;SYST REV;ENGLAND;2017
Yes;BMJ OPEN;ENGLAND;2017
Yes;SYST REV;ENGLAND;2018
Yes;SYST REV;ENGLAND;2018
Yes;SYST REV;ENGLAND;2017
Yes;JMIR RES PROTOC;CANADA;2017
Yes;SYST REV;ENGLAND;2018
Yes;SYST REV;ENGLAND;2018
Yes;SYST REV;ENGLAND;2017
Yes;BMJ OPEN;ENGLAND;2017
Yes;TRIALS;UNITED STATES;2017
Yes;MEDICINE (BALTIMORE);UNITED STATES;2018
Yes;SYST REV;ENGLAND;2017
Yes;SYST REV;ENGLAND;2017
Yes;SYST REV;INTERNATIONAL;2018
Yes;SYST REV;ENGLAND;2017
Yes;BMJ OPEN;ENGLAND;2017
Yes;SYST REV;ENGLAND;2017
Yes;SYST REV;ENGLAND;2018
Yes;BMJ OPEN;ENGLAND;2017
Yes;BMJ OPEN;ENGLAND;2017
Yes;SYST REV;ENGLAND;2017
Yes;JMIR RES PROTOC;CANADA;2017
Yes;SYST REV;ENGLAND;2017
Yes;SYST REV;ENGLAND;2018
Yes;J EAT DISORD;ENGLAND;2017
Yes;BMJ OPEN;ENGLAND;2017
Yes;BMJ OPEN;ENGLAND;2017
Yes;SYST REV;ENGLAND;2018
Yes;SYST REV;ENGLAND;2017
Yes;BMJ OPEN;ENGLAND;2017
Yes;BMJ OPEN;ENGLAND;2017
Yes;MEDICINE (BALTIMORE);UNITED STATES;2018
Yes;BMJ OPEN;ENGLAND;2018
Yes;SYST REV;ENGLAND;2018
Yes;BMJ OPEN;ENGLAND;2017
Yes;SYST REV;UNITED STATES;2017
Yes;SYST REV;ENGLAND;2018
Yes;SYST REV;ENGLAND;2017
Yes;BMJ OPEN;ENGLAND;2018
Yes;SYST REV;UNITED STATES;2017
Yes;SYST REV;ENGLAND;2017
Yes;SYST REV;ENGLAND;2018
Yes;BMJ OPEN;ENGLAND;2018
Yes;SYST REV;UNITED STATES;2018
Yes;SYST REV;ENGLAND;2017
Yes;SYST REV;ENGLAND;2017
Yes;SYST REV;ENGLAND;2017
Yes;JMIR RES PROTOC;CANADA;2018
Yes;BMJ OPEN;ENGLAND;2017
Yes;MEDICINE (BALTIMORE);UNITED STATES;2018
Yes;BMJ OPEN;ENGLAND;2018
Yes;SYST REV;ENGLAND;2017
Yes;SYST REV;UNITED STATES;2018
Yes;BMJ OPEN;ENGLAND;2017
Yes;SYST REV;ENGLAND;2017
Yes;BMJ OPEN;ENGLAND;2017
Yes;SYST REV;ENGLAND;2018
Yes;BMJ OPEN;UNITED KINGDOM;2017
Yes;SYST REV;ENGLAND;2017
Yes;MEDICINE (BALTIMORE);UNITED STATES;2017
Yes;BMJ OPEN;ENGLAND;2017
Yes;SYST REV;ENGLAND;2018
Yes;MEDICINE (BALTIMORE);UNITED STATES;2017
Yes;BMJ OPEN;ENGLAND;2018
Yes;BMJ OPEN;ENGLAND;2018
Yes;SYST REV;UNITED STATES;2017
Yes;BMJ OPEN;ENGLAND;2018
Yes;JMIR RES PROTOC;CANADA;2018
Yes;SYST REV;ENGLAND;2017
Yes;SYST REV;ENGLAND;2018
Yes;JMIR RES PROTOC;CANADA;2018
Yes;BMJ OPEN;ENGLAND;2018
Yes;MEDICINE (BALTIMORE);UNITED STATES;2018
Yes;SYST REV;ENGLAND;2018
Yes;MEDICINE (BALTIMORE);UNITED STATES;2018
Yes;SYST REV;ENGLAND;2017
Yes;SYST REV;ENGLAND;2018
Yes;BMJ OPEN;ENGLAND;2018
Yes;SYST REV;ENGLAND;2018
Yes;BMJ OPEN;ENGLAND;2018
Yes;BMJ OPEN;ENGLAND;2018
Yes;BMJ OPEN;ENGLAND;2018
Yes;BMJ OPEN;ENGLAND;2017
Yes;SYST REV;ENGLAND;2017
Yes;SYST REV;ENGLAND;2018
Yes;MEDICINE (BALTIMORE);UNITED STATES;2017
Yes;BMJ OPEN;ENGLAND;2018
Yes;BMJ OPEN;ENGLAND;2018
Yes;BMJ OPEN;ENGLAND;2018
Yes;SYST REV;ENGLAND;2018
Yes;SYST REV;ENGLAND;2018
Yes;BMJ OPEN;ENGLAND;2018
Yes;BMJ OPEN;ENGLAND;2018
Yes;SYST REV;ENGLAND;2018
Yes;BMJ OPEN;ENGLAND;2018
Yes;JMIR RES PROTOC;CANADA;2018
Yes;BMJ OPEN;ENGLAND;2018
Yes;BMJ OPEN;ENGLAND;2018
Yes;MEDICINE (BALTIMORE);UNITED STATES;2018
Yes;MEDICINE (BALTIMORE);UNITED STATES;2018
Yes;MEDICINE (BALTIMORE);UNITED STATES;2018
Yes;SYST REV;UNITED STATES;2018
Yes;BMJ OPEN;ENGLAND;2018
Yes;MEDICINE (BALTIMORE);UNITED STATES;2018
Yes;SYST REV;ENGLAND;2018
Yes;BMJ OPEN;ENGLAND;2018
Yes;MEDICINE (BALTIMORE);UNITED STATES;2018
Yes;J ADV NURS;ENGLAND;2018
Yes;BMJ OPEN;UNITED KINGDOM;2018
Yes;MEDICINE (BALTIMORE);UNITED STATES;2018
Yes;MEDICINE (BALTIMORE);UNITED STATES;2018
Yes;SYST REV;ENGLAND;2018
Yes;MEDICINE (BALTIMORE);UNITED STATES;2018
Yes;MEDICINE (BALTIMORE);UNITED STATES;2018
Yes;MEDICINE (BALTIMORE);UNITED STATES;2018
Yes;BMJ OPEN;ENGLAND;2018
Yes;MEDICINE (BALTIMORE);UNITED STATES;2018
Yes;SYST REV;ENGLAND;2018
Yes;MEDICINE (BALTIMORE);UNITED STATES;2018
Yes;BMJ OPEN;ENGLAND;2018
Yes;BMJ OPEN;ENGLAND;2018
Yes;MEDICINE (BALTIMORE);UNITED STATES;2018
Yes;MEDICINE (BALTIMORE);UNITED STATES;2018
Yes;MEDICINE (BALTIMORE);UNITED STATES;2018
Yes;MEDICINE (BALTIMORE);UNITED STATES;2018
Yes;MEDICINE (BALTIMORE);UNITED STATES;2018
Yes;MEDICINE (BALTIMORE);UNITED STATES;2018
Yes;MEDICINE (BALTIMORE);UNITED STATES;2018
Yes;MEDICINE (BALTIMORE);UNITED STATES;2018
Yes;MEDICINE (BALTIMORE);UNITED STATES;2018
Yes;MEDICINE (BALTIMORE);UNITED STATES;2018
Yes;MEDICINE (BALTIMORE);UNITED STATES;2018
Yes;MEDICINE (BALTIMORE);UNITED STATES;2018
Yes;SYST REV;ENGLAND;2018
Yes;MEDICINE (BALTIMORE);UNITED STATES;2018
Yes;BMJ OPEN;ENGLAND;2016
No;SYST REV;ENGLAND;2016
No;SYST REV;ENGLAND;2017
No;SYST REV;ENGLAND;2017
No;CAN J AGING;INTERNATIONAL;2017
No;BMJ OPEN;ENGLAND;2017
No;BMJ OPEN;ENGLAND;2016
No;BMJ OPEN;ENGLAND;2016
No;BMJ OPEN;ENGLAND;2017
No;SYST REV;CANADA;2013
No;SYST REV;CANADA;2016
No;TRIALS;ENGLAND;2017
No;SYST REV;ENGLAND;2017
No;SYST REV;ENGLAND;2017
No;ACTA ANAESTHESIOL SCAND;ENGLAND;2018
No;NPJ PRIM CARE RESPIR MED;ENGLAND;2018
No;JBI DATABASE SYSTEM REV IMPLEMENT REP;AUSTRALIA;2018
No;JBI DATABASE SYSTEM REV IMPLEMENT REP;AUSTRALIA;2018
No;JBI DATABASE SYSTEM REV IMPLEMENT REP;AUSTRALIA;2018
No;JBI DATABASE SYSTEM REV IMPLEMENT REP;AUSTRALIA;2018
No;JBI DATABASE SYSTEM REV IMPLEMENT REP;AUSTRALIA;2018
No;JBI DATABASE SYSTEM REV IMPLEMENT REP;AUSTRALIA;2018
No;JBI DATABASE SYSTEM REV IMPLEMENT REP;AUSTRALIA;2018
No;JBI DATABASE SYSTEM REV IMPLEMENT REP;AUSTRALIA;2018
No;JBI DATABASE SYSTEM REV IMPLEMENT REP;AUSTRALIA;2018
No;JBI DATABASE SYSTEM REV IMPLEMENT REP;AUSTRALIA;2018
No;JBI DATABASE SYSTEM REV IMPLEMENT REP;AUSTRALIA;2018
No;INT J STROKE;UNITED STATES;2018
No;MEDICINE (BALTIMORE);UNITED STATES;2018
No;ACTA ANAESTHESIOL SCAND;ENGLAND;2018
No;MEDICINE (BALTIMORE);UNITED STATES;2018
No;MEDICINE (BALTIMORE);UNITED STATES;2018
No;MEDICINE (BALTIMORE);UNITED STATES;2018
No;MEDICINE (BALTIMORE);UNITED STATES;2018
No;MEDICINE (BALTIMORE);UNITED STATES;2018
No;SYST REV;ENGLAND;2018
No;BMJ OPEN;ENGLAND;2018
No;BMJ OPEN;ENGLAND;2018
No;PSYCHIATRY INVESTIG;KOREA (SOUTH);2018
No;MEDICINE (BALTIMORE);UNITED STATES;2018
No;MEDICINE (BALTIMORE);UNITED STATES;2018
No;MEDICINE (BALTIMORE);UNITED STATES;2018
No;MEDICINE (BALTIMORE);UNITED STATES;2018
No;ACTA ANAESTHESIOL SCAND;ENGLAND;2018
No;SEMIN. ARTHRITIS RHEUM.;UNITED STATES;2018
No;MEDICINE (BALTIMORE);UNITED STATES;2018
No;MEDICINE (BALTIMORE);UNITED STATES;2018
No;MEDICINE (BALTIMORE);UNITED STATES;2018
No;JBI DATABASE SYSTEM REV IMPLEMENT REP;AUSTRALIA;2018
No;JBI DATABASE SYSTEM REV IMPLEMENT REP;AUSTRALIA;2018
No;JBI DATABASE SYSTEM REV IMPLEMENT REP;AUSTRALIA;2018
No;JBI DATABASE SYSTEM REV IMPLEMENT REP;AUSTRALIA;2018
No;JBI DATABASE SYSTEM REV IMPLEMENT REP;AUSTRALIA;2018
No;JBI DATABASE SYSTEM REV IMPLEMENT REP;AUSTRALIA;2018
No;JBI DATABASE SYSTEM REV IMPLEMENT REP;AUSTRALIA;2018
No;JBI DATABASE SYSTEM REV IMPLEMENT REP;AUSTRALIA;2018
No;BMJ OPEN;ENGLAND;2018
No;BMJ OPEN;ENGLAND;2018
No;MEDICINE (BALTIMORE);UNITED STATES;2018
No;SYST REV;ENGLAND;2018
No;BMJ OPEN;ENGLAND;2018
No;ACTA MED PORT;PORTUGAL;2018
No;MEDICINE (BALTIMORE);UNITED STATES;2018
No;MEDICINE (BALTIMORE);UNITED STATES;2018
No;HAND THER;ENGLAND;2018
No;BMJ OPEN;ENGLAND;2018
No;BMJ OPEN;ENGLAND;2018
No;BMJ OPEN;ENGLAND;2018
No;BMJ OPEN;ENGLAND;2018
No;ACTA ANAESTHESIOL SCAND;ENGLAND;2018
No;J MECH BEHAV BIOMED MATER;NETHERLANDS;2018
No;BMJ OPEN;ENGLAND;2018
No;MEDICINE (BALTIMORE);UNITED STATES;2018
No;MEDICINE (BALTIMORE);UNITED STATES;2018
No;BMJ OPEN;ENGLAND;2018
No;BMJ OPEN;ENGLAND;2018
No;BMJ OPEN;UNITED KINGDOM;2018
No;BMJ OPEN;ENGLAND;2018
No;SYST REV;UNITED STATES;2018
No;BMJ OPEN;ENGLAND;2018
No;BMJ OPEN;ENGLAND;2018
No;BMJ OPEN;ENGLAND;2018
No;BMJ OPEN;ENGLAND;2018
No;BMJ OPEN;ENGLAND;2018
No;JBI DATABASE SYSTEM REV IMPLEMENT REP;AUSTRALIA;2018
No;JBI DATABASE SYSTEM REV IMPLEMENT REP;AUSTRALIA;2018
No;JBI DATABASE SYSTEM REV IMPLEMENT REP;AUSTRALIA;2018
No;JBI DATABASE SYSTEM REV IMPLEMENT REP;AUSTRALIA;2018
No;JBI DATABASE SYSTEM REV IMPLEMENT REP;AUSTRALIA;2018
No;JBI DATABASE SYSTEM REV IMPLEMENT REP;AUSTRALIA;2018
No;JBI DATABASE SYSTEM REV IMPLEMENT REP;AUSTRALIA;2018
No;JBI DATABASE SYSTEM REV IMPLEMENT REP;AUSTRALIA;2018
No;ACTA ANAESTHESIOL SCAND;ENGLAND;2018
No;MEDICINE (BALTIMORE);UNITED STATES;2018
No;MEDICINE (BALTIMORE);UNITED STATES;2018
No;KNEE SURG SPORTS TRAUMATOL ARTHROSC;GERMANY;2018
No;BMJ OPEN;ENGLAND;2018
No;BMJ OPEN;ENGLAND;2018
No;BMJ OPEN;ENGLAND;2018
No;BMJ OPEN;ENGLAND;2018
No;BMJ OPEN;ENGLAND;2018
No;BMJ OPEN;ENGLAND;2018
No;BMJ OPEN;UNITED KINGDOM;2018
No;BMJ OPEN;ENGLAND;2018
No;BMJ OPEN;ENGLAND;2018
No;MEDICINE (BALTIMORE);UNITED STATES;2018
No;MEDICINE (BALTIMORE);UNITED STATES;2018
No;MEDICINE (BALTIMORE);UNITED STATES;2018
No;BMJ OPEN;ENGLAND;2018
No;BMJ OPEN;ENGLAND;2018
No;BMJ OPEN;UNITED STATES;2018
No;ALZHEIMERS RES THER;ENGLAND;2018
No;BMJ OPEN;ENGLAND;2018
No;ACTA ANAESTHESIOL SCAND;ENGLAND;2018
No;BMJ OPEN;ENGLAND;2018
No;BMJ OPEN;INTERNATIONAL;2018
No;BMJ OPEN;INTERNATIONAL;2018
No;BMJ OPEN;ENGLAND;2018
No;JMIR RES PROTOC;CANADA;2018
No;MEDICINE (BALTIMORE);UNITED STATES;2018
No;MEDICINE (BALTIMORE);UNITED STATES;2018
No;JBI DATABASE SYSTEM REV IMPLEMENT REP;AUSTRALIA;2018
No;JBI DATABASE SYSTEM REV IMPLEMENT REP;AUSTRALIA;2018
No;JBI DATABASE SYSTEM REV IMPLEMENT REP;AUSTRALIA;2018
No;JBI DATABASE SYSTEM REV IMPLEMENT REP;AUSTRALIA;2018
No;JBI DATABASE SYSTEM REV IMPLEMENT REP;AUSTRALIA;2018
No;JBI DATABASE SYSTEM REV IMPLEMENT REP;AUSTRALIA;2018
No;JBI DATABASE SYSTEM REV IMPLEMENT REP;AUSTRALIA;2018
No;JBI DATABASE SYSTEM REV IMPLEMENT REP;AUSTRALIA;2018
No;JBI DATABASE SYSTEM REV IMPLEMENT REP;AUSTRALIA;2018
No;JBI DATABASE SYSTEM REV IMPLEMENT REP;AUSTRALIA;2018
No;BMJ OPEN;ENGLAND;2018
No;BMJ OPEN;ENGLAND;2018
No;JMIR RES PROTOC;CANADA;2018
No;MEDICINE (BALTIMORE);UNITED STATES;2018
No;MEDICINE (BALTIMORE);UNITED STATES;2018
No;MEDICINE (BALTIMORE);UNITED STATES;2018
No;BMJ OPEN;ENGLAND;2018
No;BMJ OPEN;ENGLAND;2018
No;MEDICINE (BALTIMORE);UNITED STATES;2018
No;MEDICINE (BALTIMORE);UNITED STATES;2018
No;BMJ OPEN;ENGLAND;2018
No;BMJ OPEN;ENGLAND;2018
No;BMJ OPEN;ENGLAND;2018
No;SYST REV;ENGLAND;2018
No;J MED LIFE;ROMANIA;2018
No;BMJ OPEN;ENGLAND;2018
No;BMJ OPEN;UNITED KINGDOM;2018
No;BMJ OPEN;ENGLAND;2018
No;BMJ OPEN;ENGLAND;2018
No;BMJ OPEN;ENGLAND;2018
No;BMJ OPEN;ENGLAND;2018
No;CLIN ORAL INVESTIG;GERMANY;2018
No;BMJ OPEN;ENGLAND;2018
No;SYST REV;UNITED STATES;2018
No;BMJ OPEN;ENGLAND;2018
No;BMJ OPEN;ENGLAND;2018
No;JBI DATABASE SYSTEM REV IMPLEMENT REP;AUSTRALIA;2018
No;JBI DATABASE SYSTEM REV IMPLEMENT REP;AUSTRALIA;2018
No;JBI DATABASE SYSTEM REV IMPLEMENT REP;AUSTRALIA;2018
No;JBI DATABASE SYSTEM REV IMPLEMENT REP;AUSTRALIA;2018
No;JBI DATABASE SYSTEM REV IMPLEMENT REP;AUSTRALIA;2018
No;JBI DATABASE SYSTEM REV IMPLEMENT REP;AUSTRALIA;2018
No;MEDICINE (BALTIMORE);UNITED STATES;2018
No;SYST REV;ENGLAND;2017
No;SYST REV;ENGLAND;2017
No;MEDICINE (BALTIMORE);UNITED STATES;2017
No;CAN. COMMUN. DIS. REP.;CANADA;2017
No;BMJ OPEN;ENGLAND;2017
No;BMJ OPEN;ENGLAND;2017
No;ACTA INFORM MED;BOSNIA AND HERZEGOVINA;2017
No;BMJ OPEN;ENGLAND;2017
No;BMJ OPEN;ENGLAND;2017
No;SYST REV;CANADA;2017
No;BMJ OPEN;UNITED KINGDOM;2017
No;BMJ OPEN;ENGLAND;2017
No;BMJ OPEN;ENGLAND;2017
No;SYST REV;ENGLAND;2017
No;PSYCHOONCOLOGY;ENGLAND;2017
No;TAIWAN J OBSTET GYNECOL;CHINA (REPUBLIC : 1949- );2017
No;JBI DATABASE SYSTEM REV IMPLEMENT REP;AUSTRALIA;2017
No;JBI DATABASE SYSTEM REV IMPLEMENT REP;AUSTRALIA;2017
No;JBI DATABASE SYSTEM REV IMPLEMENT REP;AUSTRALIA;2017
No;JBI DATABASE SYSTEM REV IMPLEMENT REP;AUSTRALIA;2017
No;JBI DATABASE SYSTEM REV IMPLEMENT REP;AUSTRALIA;2017
No;JBI DATABASE SYSTEM REV IMPLEMENT REP;AUSTRALIA;2017
No;JBI DATABASE SYSTEM REV IMPLEMENT REP;AUSTRALIA;2017
No;JBI DATABASE SYSTEM REV IMPLEMENT REP;AUSTRALIA;2017
No;JBI DATABASE SYSTEM REV IMPLEMENT REP;AUSTRALIA;2017
No;JBI DATABASE SYSTEM REV IMPLEMENT REP;AUSTRALIA;2017
No;JBI DATABASE SYSTEM REV IMPLEMENT REP;AUSTRALIA;2017
No;JBI DATABASE SYSTEM REV IMPLEMENT REP;AUSTRALIA;2017
No;BMJ OPEN;ENGLAND;2017
No;SYST REV;ENGLAND;2017
No;EPILEPSIA;UNITED KINGDOM;2017
No;BMJ OPEN;ENGLAND;2017
No;MEDICINE (BALTIMORE);UNITED STATES;2017
No;BMJ OPEN;ENGLAND;2017
No;BMJ OPEN;ENGLAND;2017
No;RES INVOLV ENGAGEM;UNITED KINGDOM;2017
No;TRIALS;ENGLAND;2017
No;BMJ OPEN;ENGLAND;2017
No;JBI DATABASE SYSTEM REV IMPLEMENT REP;AUSTRALIA;2017
No;JBI DATABASE SYSTEM REV IMPLEMENT REP;AUSTRALIA;2017
No;JBI DATABASE SYSTEM REV IMPLEMENT REP;AUSTRALIA;2017
No;JBI DATABASE SYSTEM REV IMPLEMENT REP;AUSTRALIA;2017
No;JBI DATABASE SYSTEM REV IMPLEMENT REP;AUSTRALIA;2017
No;JBI DATABASE SYSTEM REV IMPLEMENT REP;AUSTRALIA;2017
No;JBI DATABASE SYSTEM REV IMPLEMENT REP;AUSTRALIA;2017
No;BMJ OPEN;ENGLAND;2017
No;BMJ OPEN;ENGLAND;2017
No;BMJ OPEN;ENGLAND;2017
No;BMJ OPEN;ENGLAND;2017
No;BMJ OPEN;ENGLAND;2017
No;REV ASSOC MED BRAS (1992);BRAZIL;2017
No;BMJ OPEN;UNITED KINGDOM;2017
No;BMJ OPEN;ENGLAND;2017
No;CLIN TRANSL ALLERGY;UNITED KINGDOM;2017
No;CLIN TRANSL ALLERGY;UNITED KINGDOM;2017
No;CLIN TRANSL ALLERGY;UNITED KINGDOM;2017
No;CLIN TRANSL ALLERGY;UNITED KINGDOM;2017
No;BMJ OPEN;ENGLAND;2017
No;BMJ OPEN;CANADA;2017
No;JBI DATABASE SYSTEM REV IMPLEMENT REP;AUSTRALIA;2017
No;JBI DATABASE SYSTEM REV IMPLEMENT REP;AUSTRALIA;2017
No;JBI DATABASE SYSTEM REV IMPLEMENT REP;AUSTRALIA;2017
No;JBI DATABASE SYSTEM REV IMPLEMENT REP;AUSTRALIA;2017
No;JBI DATABASE SYSTEM REV IMPLEMENT REP;UNITED STATES;2017
No;JBI DATABASE SYSTEM REV IMPLEMENT REP;AUSTRALIA;2017
No;JBI DATABASE SYSTEM REV IMPLEMENT REP;AUSTRALIA;2017
No;JBI DATABASE SYSTEM REV IMPLEMENT REP;AUSTRALIA;2017
No;ACTA ANAESTHESIOL SCAND;ENGLAND;2017
No;BMJ OPEN;ENGLAND;2017
No;BMJ OPEN;ENGLAND;2017
No;BMJ OPEN;ENGLAND;2017
No;FRONT PUBLIC HEALTH;SWITZERLAND;2017
No;BMJ OPEN;ENGLAND;2017
No;SYST REV;UNITED KINGDOM;2017
No;PLOS CURR;UNITED STATES;2017
No;BMJ OPEN;ENGLAND;2017
No;BMJ OPEN;ENGLAND;2017
No;SYST REV;ENGLAND;2017
No;PHOTODIAGNOSIS PHOTODYN THER;NETHERLANDS;2017
No;BMJ OPEN;ENGLAND;2017
No;BMJ OPEN;ENGLAND;2017
No;BMJ OPEN;ENGLAND;2017
No;BMJ OPEN;ENGLAND;2017
No;JBI DATABASE SYSTEM REV IMPLEMENT REP;AUSTRALIA;2017
No;JBI DATABASE SYSTEM REV IMPLEMENT REP;AUSTRALIA;2017
No;JBI DATABASE SYSTEM REV IMPLEMENT REP;AUSTRALIA;2017
No;JBI DATABASE SYSTEM REV IMPLEMENT REP;AUSTRALIA;2017
No;JBI DATABASE SYSTEM REV IMPLEMENT REP;AUSTRALIA;2017
No;JBI DATABASE SYSTEM REV IMPLEMENT REP;AUSTRALIA;2017
No;JBI DATABASE SYSTEM REV IMPLEMENT REP;AUSTRALIA;2017
No;JBI DATABASE SYSTEM REV IMPLEMENT REP;AUSTRALIA;2017
No;JBI DATABASE SYSTEM REV IMPLEMENT REP;AUSTRALIA;2017
No;JBI DATABASE SYSTEM REV IMPLEMENT REP;AUSTRALIA;2017
No;BMC RES NOTES;ENGLAND;2017
No;SYST REV;ENGLAND;2017
No;ACTA ANAESTHESIOL SCAND;ENGLAND;2017
No;BMJ OPEN;ENGLAND;2017
No;BMJ OPEN;ENGLAND;2017
No;JMIR RES PROTOC;UNITED STATES;2017
No;TRIALS;ENGLAND;2017
No;BMJ OPEN;ENGLAND;2017
No;BMJ OPEN;ENGLAND;2017
No;SYST REV;ENGLAND;2017
No;JBI DATABASE SYSTEM REV IMPLEMENT REP;AUSTRALIA;2017
No;JBI DATABASE SYSTEM REV IMPLEMENT REP;AUSTRALIA;2017
No;JBI DATABASE SYSTEM REV IMPLEMENT REP;AUSTRALIA;2017
No;JBI DATABASE SYSTEM REV IMPLEMENT REP;UNITED KINGDOM;2017
No;JBI DATABASE SYSTEM REV IMPLEMENT REP;AUSTRALIA;2017
No;JBI DATABASE SYSTEM REV IMPLEMENT REP;AUSTRALIA;2017
No;JBI DATABASE SYSTEM REV IMPLEMENT REP;AUSTRALIA;2017
No;JBI DATABASE SYSTEM REV IMPLEMENT REP;AUSTRALIA;2017
No;JBI DATABASE SYSTEM REV IMPLEMENT REP;AUSTRALIA;2017
No;JBI DATABASE SYSTEM REV IMPLEMENT REP;AUSTRALIA;2017
No;JBI DATABASE SYSTEM REV IMPLEMENT REP;AUSTRALIA;2017
No;JBI DATABASE SYSTEM REV IMPLEMENT REP;AUSTRALIA;2017
No;BMJ OPEN;ENGLAND;2017
No;BMJ OPEN;UNITED KINGDOM;2017
No;J ADV NURS;ENGLAND;2017
No;TRIALS;ENGLAND;2017
No;BMJ OPEN;ENGLAND;2017
No;JMIR RES PROTOC;CANADA;2017
No;SYST REV;ENGLAND;2017
No;BMJ OPEN;ENGLAND;2017
No;BMJ OPEN;ENGLAND;2017
No;BR J SPORTS MED;ENGLAND;2017
No;J. ORAL MAXILLOFAC. SURG.;UNITED STATES;2017
No;BMJ OPEN;ENGLAND;2017
No;JBI DATABASE SYSTEM REV IMPLEMENT REP;AUSTRALIA;2017
No;JBI DATABASE SYSTEM REV IMPLEMENT REP;AUSTRALIA;2017
No;JBI DATABASE SYSTEM REV IMPLEMENT REP;AUSTRALIA;2017
No;JBI DATABASE SYSTEM REV IMPLEMENT REP;AUSTRALIA;2017
No;JBI DATABASE SYSTEM REV IMPLEMENT REP;AUSTRALIA;2017
No;JBI DATABASE SYSTEM REV IMPLEMENT REP;AUSTRALIA;2017
No;JBI DATABASE SYSTEM REV IMPLEMENT REP;AUSTRALIA;2017
No;JBI DATABASE SYSTEM REV IMPLEMENT REP;AUSTRALIA;2017
No;JBI DATABASE SYSTEM REV IMPLEMENT REP;AUSTRALIA;2017
No;J. PERIODONTOL.;UNITED STATES;2017
No;BMJ OPEN;ENGLAND;2017
No;BMJ OPEN;UNITED STATES;2017
No;BMJ OPEN;ENGLAND;2017
No;FOOD CHEM. TOXICOL.;UNITED KINGDOM;2017
No;BMJ OPEN;ENGLAND;2017
No;BMJ OPEN;ENGLAND;2017
No;BMJ OPEN;ENGLAND;2017
No;BMJ OPEN;ENGLAND;2017
No;BMJ OPEN;ENGLAND;2017
No;BMJ OPEN;UNITED KINGDOM;2017
No;BMJ OPEN;ENGLAND;2017
No;JBI DATABASE SYSTEM REV IMPLEMENT REP;AUSTRALIA;2017
No;JBI DATABASE SYSTEM REV IMPLEMENT REP;AUSTRALIA;2017
No;JBI DATABASE SYSTEM REV IMPLEMENT REP;AUSTRALIA;2017
No;JBI DATABASE SYSTEM REV IMPLEMENT REP;AUSTRALIA;2017
No;JBI DATABASE SYSTEM REV IMPLEMENT REP;AUSTRALIA;2017
No;JBI DATABASE SYSTEM REV IMPLEMENT REP;AUSTRALIA;2017
No;JBI DATABASE SYSTEM REV IMPLEMENT REP;AUSTRALIA;2017
No;JBI DATABASE SYSTEM REV IMPLEMENT REP;AUSTRALIA;2017
No;BMJ OPEN;UNITED KINGDOM;2017
No;BMJ OPEN;ENGLAND;2017
No;NPJ PRIM CARE RESPIR MED;UNITED KINGDOM;2017
No;PLOS ONE;UNITED STATES;2017
No;SYST REV;ENGLAND;2017
No;EVID BASED PRECLIN MED;UNITED KINGDOM;2017
No;BMC INFECT. DIS.;ENGLAND;2017
No;PLOS ONE;UNITED STATES;2017
No;J HAND THER;UNITED STATES;2017
No;JBI DATABASE SYSTEM REV IMPLEMENT REP;AUSTRALIA;2017
No;JBI DATABASE SYSTEM REV IMPLEMENT REP;AUSTRALIA;2017
No;JBI DATABASE SYSTEM REV IMPLEMENT REP;AUSTRALIA;2017
No;JBI DATABASE SYSTEM REV IMPLEMENT REP;AUSTRALIA;2017
No;JBI DATABASE SYSTEM REV IMPLEMENT REP;AUSTRALIA;2017
No;JBI DATABASE SYSTEM REV IMPLEMENT REP;AUSTRALIA;2017
No;JBI DATABASE SYSTEM REV IMPLEMENT REP;AUSTRALIA;2017
No;JBI DATABASE SYSTEM REV IMPLEMENT REP;AUSTRALIA;2017
No;JBI DATABASE SYSTEM REV IMPLEMENT REP;AUSTRALIA;2017
No;JBI DATABASE SYSTEM REV IMPLEMENT REP;AUSTRALIA;2017
No;JBI DATABASE SYSTEM REV IMPLEMENT REP;AUSTRALIA;2017
No;JBI DATABASE SYSTEM REV IMPLEMENT REP;AUSTRALIA;2017
No;BMJ OPEN;ENGLAND;2017
No;JMIR RES PROTOC;CANADA;2017
No;J ADV NURS;ENGLAND;2017
No;BMJ OPEN;ENGLAND;2017
No;BMJ OPEN;ENGLAND;2017
No;BMJ OPEN;ENGLAND;2017
No;PLOS ONE;UNITED STATES;2017
No;BMJ OPEN;ENGLAND;2017
No;BMJ OPEN;ENGLAND;2017
No;SYST REV;ENGLAND;2017
No;BMJ OPEN;ENGLAND;2017
No;BMJ OPEN;ENGLAND;2017
No;BMJ OPEN;ENGLAND;2017
No;SYST REV;ENGLAND;2017
No;JBI DATABASE SYSTEM REV IMPLEMENT REP;AUSTRALIA;2017
No;JBI DATABASE SYSTEM REV IMPLEMENT REP;AUSTRALIA;2017
No;JBI DATABASE SYSTEM REV IMPLEMENT REP;AUSTRALIA;2017
No;JBI DATABASE SYSTEM REV IMPLEMENT REP;AUSTRALIA;2017
No;JBI DATABASE SYSTEM REV IMPLEMENT REP;UNITED KINGDOM;2017
No;JBI DATABASE SYSTEM REV IMPLEMENT REP;AUSTRALIA;2017
No;JBI DATABASE SYSTEM REV IMPLEMENT REP;AUSTRALIA;2017
No;JBI DATABASE SYSTEM REV IMPLEMENT REP;AUSTRALIA;2017
No;JBI DATABASE SYSTEM REV IMPLEMENT REP;AUSTRALIA;2017
No;JBI DATABASE SYSTEM REV IMPLEMENT REP;AUSTRALIA;2017
No;JBI DATABASE SYSTEM REV IMPLEMENT REP;AUSTRALIA;2017
No;JBI DATABASE SYSTEM REV IMPLEMENT REP;AUSTRALIA;2017
No;BMJ OPEN;UNITED STATES;2017
No;BMJ OPEN;ENGLAND;2017
No;BMJ OPEN;ENGLAND;2017
No;BMJ OPEN;ENGLAND;2017
No;BMJ OPEN;ENGLAND;2017
No;BMJ OPEN;ENGLAND;2017
No;SYST REV;ENGLAND;2017
No;BMJ OPEN;ENGLAND;2017
No;TRIALS;ENGLAND;2017
No;BMJ OPEN;ENGLAND;2017
No;NPJ PRIM CARE RESPIR MED;UNITED KINGDOM;2017
No;JBI DATABASE SYSTEM REV IMPLEMENT REP;AUSTRALIA;2017
No;JBI DATABASE SYSTEM REV IMPLEMENT REP;AUSTRALIA;2017
No;JBI DATABASE SYSTEM REV IMPLEMENT REP;AUSTRALIA;2017
No;JBI DATABASE SYSTEM REV IMPLEMENT REP;AUSTRALIA;2017
No;JBI DATABASE SYSTEM REV IMPLEMENT REP;AUSTRALIA;2017
No;JBI DATABASE SYSTEM REV IMPLEMENT REP;AUSTRALIA;2017
No;ANIM HEALTH RES REV;ENGLAND;2017
No;BMJ OPEN;ENGLAND;2017
No;BMJ OPEN;ENGLAND;2017
No;DENTAL PRESS J ORTHOD;BRAZIL;2017
No;BMJ OPEN;ENGLAND;2017
No;JMIR RES PROTOC;UNITED KINGDOM;2017
No;J CLIN EPIDEMIOL;UNITED STATES;2017
No;BMJ OPEN;ENGLAND;2017
No;JBI DATABASE SYSTEM REV IMPLEMENT REP;AUSTRALIA;2017
No;JBI DATABASE SYSTEM REV IMPLEMENT REP;AUSTRALIA;2017
No;JBI DATABASE SYSTEM REV IMPLEMENT REP;AUSTRALIA;2017
No;JBI DATABASE SYSTEM REV IMPLEMENT REP;AUSTRALIA;2017
No;JBI DATABASE SYSTEM REV IMPLEMENT REP;AUSTRALIA;2017
No;JBI DATABASE SYSTEM REV IMPLEMENT REP;AUSTRALIA;2017
No;JBI DATABASE SYSTEM REV IMPLEMENT REP;AUSTRALIA;2017
No;JBI DATABASE SYSTEM REV IMPLEMENT REP;AUSTRALIA;2017
No;BMJ OPEN;ENGLAND;2017
No;BMJ OPEN;ENGLAND;2017
No;BMJ OPEN;ENGLAND;2017
No;BMJ OPEN;ENGLAND;2017
No;NPJ PRIM CARE RESPIR MED;UNITED KINGDOM;2017
No;INT J TECHNOL ASSESS HEALTH CARE;ENGLAND;2016
No;PHARMACOEPIDEMIOL DRUG SAF;ENGLAND;2016
No;JBI DATABASE SYSTEM REV IMPLEMENT REP;AUSTRALIA;2016
No;JBI DATABASE SYSTEM REV IMPLEMENT REP;AUSTRALIA;2016
No;JBI DATABASE SYSTEM REV IMPLEMENT REP;AUSTRALIA;2016
No;JBI DATABASE SYSTEM REV IMPLEMENT REP;AUSTRALIA;2016
No;JBI DATABASE SYSTEM REV IMPLEMENT REP;AUSTRALIA;2016
No;JBI DATABASE SYSTEM REV IMPLEMENT REP;AUSTRALIA;2016
No;JBI DATABASE SYSTEM REV IMPLEMENT REP;AUSTRALIA;2016
No;JBI DATABASE SYSTEM REV IMPLEMENT REP;AUSTRALIA;2016
No;JBI DATABASE SYSTEM REV IMPLEMENT REP;AUSTRALIA;2016
No;JBI DATABASE SYSTEM REV IMPLEMENT REP;AUSTRALIA;2016
No;JBI DATABASE SYSTEM REV IMPLEMENT REP;AUSTRALIA;2016
No;JBI DATABASE SYSTEM REV IMPLEMENT REP;AUSTRALIA;2016
No;INT J HEALTH POLICY MANAG;IRAN;2016
No;BMJ OPEN;ENGLAND;2016
No;MEDICINE (BALTIMORE);UNITED STATES;2016
No;BMJ OPEN;ENGLAND;2016
No;JBI DATABASE SYSTEM REV IMPLEMENT REP;AUSTRALIA;2016
No;JBI DATABASE SYSTEM REV IMPLEMENT REP;AUSTRALIA;2016
No;JBI DATABASE SYSTEM REV IMPLEMENT REP;AUSTRALIA;2016
No;JBI DATABASE SYSTEM REV IMPLEMENT REP;AUSTRALIA;2016
No;JBI DATABASE SYSTEM REV IMPLEMENT REP;AUSTRALIA;2016
No;JBI DATABASE SYSTEM REV IMPLEMENT REP;AUSTRALIA;2016
No;JBI DATABASE SYSTEM REV IMPLEMENT REP;AUSTRALIA;2016
No;JBI DATABASE SYSTEM REV IMPLEMENT REP;AUSTRALIA;2016
No;JBI DATABASE SYSTEM REV IMPLEMENT REP;AUSTRALIA;2016
No;JBI DATABASE SYSTEM REV IMPLEMENT REP;AUSTRALIA;2016
No;JBI DATABASE SYSTEM REV IMPLEMENT REP;AUSTRALIA;2016
No;BMJ OPEN;ENGLAND;2016
No;BMJ OPEN;ENGLAND;2016
No;BMJ OPEN;ENGLAND;2016
No;BMJ OPEN;ENGLAND;2016
No;BMJ OPEN;ENGLAND;2016
No;BMJ OPEN;ENGLAND;2016
No;BMJ OPEN;ENGLAND;2016
No;DYSPHAGIA;UNITED STATES;2016
No;BMJ OPEN;ENGLAND;2016
No;EVID BASED PRECLIN MED;UNITED KINGDOM;2016
No;BMJ OPEN;ENGLAND;2016
No;BMJ OPEN;ENGLAND;2016
No;JBI DATABASE SYSTEM REV IMPLEMENT REP;AUSTRALIA;2016
No;JBI DATABASE SYSTEM REV IMPLEMENT REP;AUSTRALIA;2016
No;JBI DATABASE SYSTEM REV IMPLEMENT REP;AUSTRALIA;2016
No;JBI DATABASE SYSTEM REV IMPLEMENT REP;AUSTRALIA;2016
No;JBI DATABASE SYSTEM REV IMPLEMENT REP;AUSTRALIA;2016
No;JBI DATABASE SYSTEM REV IMPLEMENT REP;AUSTRALIA;2016
No;JBI DATABASE SYSTEM REV IMPLEMENT REP;AUSTRALIA;2016
No;JBI DATABASE SYSTEM REV IMPLEMENT REP;AUSTRALIA;2016
No;JBI DATABASE SYSTEM REV IMPLEMENT REP;AUSTRALIA;2016
No;JBI DATABASE SYSTEM REV IMPLEMENT REP;AUSTRALIA;2016
No;TRIALS;UNITED KINGDOM;2016
No;BMJ OPEN;UNITED KINGDOM;2016
No;IMMUNOL. LETT.;NETHERLANDS;2016
No;BMJ OPEN;CANADA;2016
No;BMJ OPEN;ENGLAND;2016
No;BMJ OPEN;ENGLAND;2016
No;BMJ OPEN;ENGLAND;2016
No;CURR RHEUMATOL REV;UNITED ARAB EMIRATES;2016
No;JBI DATABASE SYSTEM REV IMPLEMENT REP;AUSTRALIA;2016
No;JBI DATABASE SYSTEM REV IMPLEMENT REP;AUSTRALIA;2016
No;JBI DATABASE SYSTEM REV IMPLEMENT REP;AUSTRALIA;2016
No;JBI DATABASE SYSTEM REV IMPLEMENT REP;AUSTRALIA;2016
No;JBI DATABASE SYSTEM REV IMPLEMENT REP;AUSTRALIA;2016
No;JBI DATABASE SYSTEM REV IMPLEMENT REP;AUSTRALIA;2016
No;JBI DATABASE SYSTEM REV IMPLEMENT REP;AUSTRALIA;2016
No;JBI DATABASE SYSTEM REV IMPLEMENT REP;AUSTRALIA;2016
No;BMJ OPEN;ENGLAND;2016
No;BMJ OPEN;ENGLAND;2016
No;EUR J PAIN;ENGLAND;2016
No;BMJ OPEN;ENGLAND;2016
No;BMJ OPEN;ENGLAND;2016
No;BMJ OPEN;ENGLAND;2016
No;BMJ OPEN;ENGLAND;2016
No;BMJ OPEN;ENGLAND;2016
No;JMIR RES PROTOC;CANADA;2016
No;BMJ OPEN;ENGLAND;2016
No;BMJ OPEN;ENGLAND;2016
No;JBI DATABASE SYSTEM REV IMPLEMENT REP;AUSTRALIA;2016
No;JBI DATABASE SYSTEM REV IMPLEMENT REP;AUSTRALIA;2016
No;JBI DATABASE SYSTEM REV IMPLEMENT REP;AUSTRALIA;2016
No;JBI DATABASE SYSTEM REV IMPLEMENT REP;AUSTRALIA;2016
No;JBI DATABASE SYSTEM REV IMPLEMENT REP;AUSTRALIA;2016
No;JBI DATABASE SYSTEM REV IMPLEMENT REP;AUSTRALIA;2016
No;JBI DATABASE SYSTEM REV IMPLEMENT REP;AUSTRALIA;2016
No;JBI DATABASE SYSTEM REV IMPLEMENT REP;AUSTRALIA;2016
No;JBI DATABASE SYSTEM REV IMPLEMENT REP;AUSTRALIA;2016
No;JBI DATABASE SYSTEM REV IMPLEMENT REP;AUSTRALIA;2016
No;JBI DATABASE SYSTEM REV IMPLEMENT REP;AUSTRALIA;2016
No;JBI DATABASE SYSTEM REV IMPLEMENT REP;AUSTRALIA;2016
No;BMJ OPEN;ENGLAND;2016
No;BMJ OPEN;ENGLAND;2016
No;BMJ OPEN;ENGLAND;2016
No;BMJ OPEN;UNITED KINGDOM;2016
No;SYST REV;ENGLAND;2016
No;BMJ OPEN;ENGLAND;2016
No;BMJ OPEN;ENGLAND;2016
No;BMJ OPEN;ENGLAND;2016
No;BMJ OPEN;ENGLAND;2016
No;BMJ OPEN;ENGLAND;2016
No;TRIALS;UNITED KINGDOM;2016
No;BMJ OPEN;ENGLAND;2016
No;SYST REV;UNITED KINGDOM;2016
No;BMJ OPEN;ENGLAND;2016
No;INT J TELEREHABIL;UNITED STATES;2016
No;BMJ OPEN;ENGLAND;2016
No;J ACUPUNCT MERIDIAN STUD;KOREA (SOUTH);2016
No;JBI DATABASE SYSTEM REV IMPLEMENT REP;AUSTRALIA;2016
No;JBI DATABASE SYSTEM REV IMPLEMENT REP;AUSTRALIA;2016
No;JBI DATABASE SYSTEM REV IMPLEMENT REP;AUSTRALIA;2016
No;JBI DATABASE SYSTEM REV IMPLEMENT REP;AUSTRALIA;2016
No;JBI DATABASE SYSTEM REV IMPLEMENT REP;AUSTRALIA;2016
No;JBI DATABASE SYSTEM REV IMPLEMENT REP;AUSTRALIA;2016
No;JBI DATABASE SYSTEM REV IMPLEMENT REP;AUSTRALIA;2016
No;JBI DATABASE SYSTEM REV IMPLEMENT REP;AUSTRALIA;2016
No;JBI DATABASE SYSTEM REV IMPLEMENT REP;AUSTRALIA;2016
No;JBI DATABASE SYSTEM REV IMPLEMENT REP;AUSTRALIA;2016
No;JBI DATABASE SYSTEM REV IMPLEMENT REP;AUSTRALIA;2016
No;JBI DATABASE SYSTEM REV IMPLEMENT REP;AUSTRALIA;2016
No;JBI DATABASE SYSTEM REV IMPLEMENT REP;AUSTRALIA;2016
No;JBI DATABASE SYSTEM REV IMPLEMENT REP;AUSTRALIA;2016
No;JBI DATABASE SYSTEM REV IMPLEMENT REP;AUSTRALIA;2016
No;JBI DATABASE SYSTEM REV IMPLEMENT REP;AUSTRALIA;2016
No;JBI DATABASE SYSTEM REV IMPLEMENT REP;AUSTRALIA;2016
No;JBI DATABASE SYSTEM REV IMPLEMENT REP;AUSTRALIA;2016
No;JBI DATABASE SYSTEM REV IMPLEMENT REP;AUSTRALIA;2016
No;JBI DATABASE SYSTEM REV IMPLEMENT REP;AUSTRALIA;2016
No;JBI DATABASE SYSTEM REV IMPLEMENT REP;AUSTRALIA;2016
No;JBI DATABASE SYSTEM REV IMPLEMENT REP;AUSTRALIA;2016
No;JBI DATABASE SYSTEM REV IMPLEMENT REP;AUSTRALIA;2016
No;JBI DATABASE SYSTEM REV IMPLEMENT REP;AUSTRALIA;2016
No;JBI DATABASE SYSTEM REV IMPLEMENT REP;AUSTRALIA;2016
No;JBI DATABASE SYSTEM REV IMPLEMENT REP;AUSTRALIA;2016
No;JBI DATABASE SYSTEM REV IMPLEMENT REP;AUSTRALIA;2016
No;JBI DATABASE SYSTEM REV IMPLEMENT REP;AUSTRALIA;2016
No;JBI DATABASE SYSTEM REV IMPLEMENT REP;AUSTRALIA;2016
No;JBI DATABASE SYSTEM REV IMPLEMENT REP;AUSTRALIA;2016
No;JBI DATABASE SYSTEM REV IMPLEMENT REP;AUSTRALIA;2016
No;JBI DATABASE SYSTEM REV IMPLEMENT REP;AUSTRALIA;2016
No;JBI DATABASE SYSTEM REV IMPLEMENT REP;AUSTRALIA;2016
No;JBI DATABASE SYSTEM REV IMPLEMENT REP;AUSTRALIA;2016
No;JBI DATABASE SYSTEM REV IMPLEMENT REP;AUSTRALIA;2016
No;JBI DATABASE SYSTEM REV IMPLEMENT REP;AUSTRALIA;2016
No;JBI DATABASE SYSTEM REV IMPLEMENT REP;AUSTRALIA;2016
No;JBI DATABASE SYSTEM REV IMPLEMENT REP;UNITED KINGDOM;2016
No;JBI DATABASE SYSTEM REV IMPLEMENT REP;UNITED KINGDOM;2016
No;JBI DATABASE SYSTEM REV IMPLEMENT REP;AUSTRALIA;2016
No;JBI DATABASE SYSTEM REV IMPLEMENT REP;AUSTRALIA;2016
No;JBI DATABASE SYSTEM REV IMPLEMENT REP;AUSTRALIA;2016
No;JBI DATABASE SYSTEM REV IMPLEMENT REP;AUSTRALIA;2016
No;JBI DATABASE SYSTEM REV IMPLEMENT REP;AUSTRALIA;2016
No;JBI DATABASE SYSTEM REV IMPLEMENT REP;AUSTRALIA;2016
No;JBI DATABASE SYSTEM REV IMPLEMENT REP;AUSTRALIA;2016
No;JBI DATABASE SYSTEM REV IMPLEMENT REP;AUSTRALIA;2016
No;JBI DATABASE SYSTEM REV IMPLEMENT REP;AUSTRALIA;2016
No;JBI DATABASE SYSTEM REV IMPLEMENT REP;AUSTRALIA;2016
No;JBI DATABASE SYSTEM REV IMPLEMENT REP;AUSTRALIA;2016
No;JBI DATABASE SYSTEM REV IMPLEMENT REP;AUSTRALIA;2016
No;JBI DATABASE SYSTEM REV IMPLEMENT REP;AUSTRALIA;2016
No;JBI DATABASE SYSTEM REV IMPLEMENT REP;AUSTRALIA;2016
No;JBI DATABASE SYSTEM REV IMPLEMENT REP;AUSTRALIA;2016
No;JBI DATABASE SYSTEM REV IMPLEMENT REP;AUSTRALIA;2016
No;JBI DATABASE SYSTEM REV IMPLEMENT REP;AUSTRALIA;2016
No;JBI DATABASE SYSTEM REV IMPLEMENT REP;AUSTRALIA;2016
No;JBI DATABASE SYSTEM REV IMPLEMENT REP;AUSTRALIA;2016
No;JBI DATABASE SYSTEM REV IMPLEMENT REP;AUSTRALIA;2016
No;JBI DATABASE SYSTEM REV IMPLEMENT REP;AUSTRALIA;2016
No;BMJ OPEN;ENGLAND;2016
No;SYST REV;ENGLAND;2016
No;BMJ OPEN;UNITED STATES;2016
No;EVID BASED PRECLIN MED;UNITED KINGDOM;2016
No;CLIN EPIDEMIOL;NEW ZEALAND;2016
No;BMJ OPEN;CANADA;2016
No;ANIM HEALTH RES REV;ENGLAND;2016
No;ANIM HEALTH RES REV;ENGLAND;2016
No;BMJ OPEN;ENGLAND;2016
No;BMJ OPEN;UNITED KINGDOM;2016
No;CLIN TRANSL ALLERGY;UNITED KINGDOM;2016
No;J HUM REPROD SCI;INDIA;2016
No;J. PEDIATR.;UNITED STATES;2016
No;BMJ OPEN;ENGLAND;2016
No;BMJ OPEN;ENGLAND;2016
No;STUD HEALTH TECHNOL INFORM;NETHERLANDS;2016
No;SYST REV;ENGLAND;2016
No;BMJ OPEN;ENGLAND;2016
No;BMJ OPEN;ENGLAND;2016
No;BMJ OPEN;ENGLAND;2016
No;BMJ OPEN;ENGLAND;2016
No;BMJ OPEN;ENGLAND;2016
No;ODONTOLOGY;JAPAN;2016
No;BMJ OPEN;CANADA;2016
No;BMJ OPEN;ENGLAND;2016
No;BMJ OPEN;ENGLAND;2016
No;BMJ OPEN;ENGLAND;2016
No;SYST REV;ENGLAND;2016
No;BMJ OPEN;ENGLAND;2016
No;BMJ OPEN;ENGLAND;2016
No;NPJ PRIM CARE RESPIR MED;ENGLAND;2016
No;BMJ OPEN;ENGLAND;2016
No;BMJ OPEN;ENGLAND;2016
No;PANCREAS;UNITED STATES;2016
No;BMJ OPEN;ENGLAND;2016
No;BMJ OPEN;UNITED STATES;2016
No;BMJ OPEN;ENGLAND;2016
No;BMJ OPEN;ENGLAND;2016
No;SYST REV;ENGLAND;2016
No;BMC INFECT. DIS.;ENGLAND;2016
No;BMJ OPEN;ENGLAND;2016
No;SYST REV;ENGLAND;2016
No;BMJ OPEN;ENGLAND;2016
No;BMJ OPEN;UNITED STATES;2016
No;SYST REV;ENGLAND;2016
No;BMJ OPEN;CANADA;2016
No;MUSCULOSKELETAL CARE;ENGLAND;2016
No;BMJ OPEN;ENGLAND;2016
No;BMJ OPEN;CANADA;2016
No;JMIR RES PROTOC;CANADA;2016
No;BMJ OPEN;UNITED KINGDOM;2016
No;CLIN J PAIN;UNITED STATES;2016
No;BMJ OPEN;ENGLAND;2016
No;BMJ OPEN;ENGLAND;2016
No;BMJ OPEN;ENGLAND;2016
No;BMJ OPEN;CANADA;2016
No;CLIN TRANSL ALLERGY;ENGLAND;2016
No;BMJ OPEN;ENGLAND;2016
No;J MANIPULATIVE PHYSIOL THER;CANADA;2016
No;J MANIPULATIVE PHYSIOL THER;UNITED STATES;2016
No;J MANIPULATIVE PHYSIOL THER;CANADA;2016
No;BMJ OPEN;ENGLAND;2016
No;BMJ OPEN;ENGLAND;2016
No;CHIROPR MAN THERAP;ENGLAND;2016
No;NPJ PRIM CARE RESPIR MED;ENGLAND;2016
No;BMJ OPEN;UNITED KINGDOM;2016
No;BMJ OPEN;ENGLAND;2016
No;ASIAN PAC. J. CANCER PREV.;THAILAND;2016
No;BMJ OPEN;ENGLAND;2016
No;BMJ OPEN;ENGLAND;2016
No;BMJ OPEN;ENGLAND;2016
No;BMJ OPEN;ENGLAND;2016
No;CLIN TRANSL ALLERGY;ENGLAND;2016
No;JBI DATABASE SYSTEM REV IMPLEMENT REP;AUSTRALIA;2016
No;JBI DATABASE SYSTEM REV IMPLEMENT REP;AUSTRALIA;2016
No;JBI DATABASE SYSTEM REV IMPLEMENT REP;AUSTRALIA;2016
No;JBI DATABASE SYSTEM REV IMPLEMENT REP;AUSTRALIA;2016
No;JBI DATABASE SYSTEM REV IMPLEMENT REP;AUSTRALIA;2016
No;JBI DATABASE SYSTEM REV IMPLEMENT REP;AUSTRALIA;2016
No;JBI DATABASE SYSTEM REV IMPLEMENT REP;AUSTRALIA;2016
No;JBI DATABASE SYSTEM REV IMPLEMENT REP;AUSTRALIA;2016
No;JBI DATABASE SYSTEM REV IMPLEMENT REP;AUSTRALIA;2016
No;REV PSIQUIATR SALUD MENT;SPAIN;2016
No;CLIN TRANSL ALLERGY;ENGLAND;2016
No;LASERS MED SCI;ENGLAND;2016
No;SYST REV;ENGLAND;2016
No;NPJ PRIM CARE RESPIR MED;UNITED KINGDOM;2016
No;BMJ OPEN;ENGLAND;2016
No;J CAN CHIROPR ASSOC;CANADA;2016
No;WORLDVIEWS EVID BASED NURS;UNITED STATES;2016
No;BMJ OPEN;CANADA;2016
No;JBI DATABASE SYSTEM REV IMPLEMENT REP;AUSTRALIA;2016
No;JBI DATABASE SYSTEM REV IMPLEMENT REP;AUSTRALIA;2016
No;JBI DATABASE SYSTEM REV IMPLEMENT REP;AUSTRALIA;2016
No;JBI DATABASE SYSTEM REV IMPLEMENT REP;AUSTRALIA;2016
No;JBI DATABASE SYSTEM REV IMPLEMENT REP;AUSTRALIA;2016
No;BMJ OPEN;UNITED KINGDOM;2016
No;SYST REV;UNITED KINGDOM;2016
No;SYST REV;ENGLAND;2016
No;JBI DATABASE SYSTEM REV IMPLEMENT REP;AUSTRALIA;2015
No;JBI DATABASE SYSTEM REV IMPLEMENT REP;AUSTRALIA;2015
No;JBI DATABASE SYSTEM REV IMPLEMENT REP;CANADA;2015
No;JBI DATABASE SYSTEM REV IMPLEMENT REP;AUSTRALIA;2015
No;SYST REV;UNITED STATES;2015
No;JBI DATABASE SYSTEM REV IMPLEMENT REP;CANADA;2015
No;JBI DATABASE SYSTEM REV IMPLEMENT REP;AUSTRALIA;2015
No;JBI DATABASE SYSTEM REV IMPLEMENT REP;AUSTRALIA;2015
No;PEDIATR ALLERGY IMMUNOL;UNITED KINGDOM;2015
No;JBI DATABASE SYSTEM REV IMPLEMENT REP;AUSTRALIA;2015
No;JBI DATABASE SYSTEM REV IMPLEMENT REP;AUSTRALIA;2015
No;JBI DATABASE SYSTEM REV IMPLEMENT REP;AUSTRALIA;2015
No;SPINE J;UNITED STATES;2015
No;SYST REV;UNITED KINGDOM;2015
No;JBI DATABASE SYSTEM REV IMPLEMENT REP;AUSTRALIA;2015
No;JBI DATABASE SYSTEM REV IMPLEMENT REP;AUSTRALIA;2015
No;JBI DATABASE SYSTEM REV IMPLEMENT REP;AUSTRALIA;2015
No;JBI DATABASE SYSTEM REV IMPLEMENT REP;AUSTRALIA;2015
No;JBI DATABASE SYSTEM REV IMPLEMENT REP;AUSTRALIA;2015
No;JBI DATABASE SYSTEM REV IMPLEMENT REP;UNITED KINGDOM;2015
No;JBI DATABASE SYSTEM REV IMPLEMENT REP;UNITED KINGDOM;2015
No;JBI DATABASE SYSTEM REV IMPLEMENT REP;AUSTRALIA;2015
No;JBI DATABASE SYSTEM REV IMPLEMENT REP;AUSTRALIA;2015
No;JBI DATABASE SYSTEM REV IMPLEMENT REP;AUSTRALIA;2015
No;JBI DATABASE SYSTEM REV IMPLEMENT REP;AUSTRALIA;2015
No;JBI DATABASE SYSTEM REV IMPLEMENT REP;AUSTRALIA;2015
No;SYST REV;ENGLAND;2015
No;BMJ OPEN;ENGLAND;2015
No;PEDIATR DENT;UNITED STATES;2015
No;SYST REV;UNITED STATES;2015
No;CHIROPR MAN THERAP;ENGLAND;2015
No;TRIALS;UNITED KINGDOM;2015
No;JBI DATABASE SYSTEM REV IMPLEMENT REP;AUSTRALIA;2015
No;JBI DATABASE SYSTEM REV IMPLEMENT REP;AUSTRALIA;2015
No;JBI DATABASE SYSTEM REV IMPLEMENT REP;AUSTRALIA;2015
No;JBI DATABASE SYSTEM REV IMPLEMENT REP;AUSTRALIA;2015
No;JBI DATABASE SYSTEM REV IMPLEMENT REP;AUSTRALIA;2015
No;JBI DATABASE SYSTEM REV IMPLEMENT REP;AUSTRALIA;2015
No;JBI DATABASE SYSTEM REV IMPLEMENT REP;AUSTRALIA;2015
No;JBI DATABASE SYSTEM REV IMPLEMENT REP;AUSTRALIA;2015
No;JBI DATABASE SYSTEM REV IMPLEMENT REP;AUSTRALIA;2015
No;JBI DATABASE SYSTEM REV IMPLEMENT REP;AUSTRALIA;2015
No;JBI DATABASE SYSTEM REV IMPLEMENT REP;AUSTRALIA;2015
No;JBI DATABASE SYSTEM REV IMPLEMENT REP;AUSTRALIA;2015
No;JBI DATABASE SYSTEM REV IMPLEMENT REP;AUSTRALIA;2015
No;JBI DATABASE SYSTEM REV IMPLEMENT REP;AUSTRALIA;2015
No;JBI DATABASE SYSTEM REV IMPLEMENT REP;AUSTRALIA;2015
No;JBI DATABASE SYSTEM REV IMPLEMENT REP;AUSTRALIA;2015
No;JBI DATABASE SYSTEM REV IMPLEMENT REP;AUSTRALIA;2015
No;JBI DATABASE SYSTEM REV IMPLEMENT REP;AUSTRALIA;2015
No;JBI DATABASE SYSTEM REV IMPLEMENT REP;AUSTRALIA;2015
No;JBI DATABASE SYSTEM REV IMPLEMENT REP;AUSTRALIA;2015
No;JBI DATABASE SYSTEM REV IMPLEMENT REP;AUSTRALIA;2015
No;JBI DATABASE SYSTEM REV IMPLEMENT REP;AUSTRALIA;2015
No;JBI DATABASE SYSTEM REV IMPLEMENT REP;AUSTRALIA;2015
No;JBI DATABASE SYSTEM REV IMPLEMENT REP;AUSTRALIA;2015
No;JBI DATABASE SYSTEM REV IMPLEMENT REP;AUSTRALIA;2015
No;JBI DATABASE SYSTEM REV IMPLEMENT REP;AUSTRALIA;2015
No;JBI DATABASE SYSTEM REV IMPLEMENT REP;AUSTRALIA;2015
No;JBI DATABASE SYSTEM REV IMPLEMENT REP;AUSTRALIA;2015
No;JBI DATABASE SYSTEM REV IMPLEMENT REP;AUSTRALIA;2015
No;JBI DATABASE SYSTEM REV IMPLEMENT REP;AUSTRALIA;2015
No;JBI DATABASE SYSTEM REV IMPLEMENT REP;AUSTRALIA;2015
No;JBI DATABASE SYSTEM REV IMPLEMENT REP;AUSTRALIA;2015
No;JBI DATABASE SYSTEM REV IMPLEMENT REP;AUSTRALIA;2015
No;JBI DATABASE SYSTEM REV IMPLEMENT REP;AUSTRALIA;2015
No;JBI DATABASE SYSTEM REV IMPLEMENT REP;AUSTRALIA;2015
No;JBI DATABASE SYSTEM REV IMPLEMENT REP;AUSTRALIA;2015
No;JBI DATABASE SYSTEM REV IMPLEMENT REP;AUSTRALIA;2015
No;JBI DATABASE SYSTEM REV IMPLEMENT REP;AUSTRALIA;2015
No;JBI DATABASE SYSTEM REV IMPLEMENT REP;AUSTRALIA;2015
No;JBI DATABASE SYSTEM REV IMPLEMENT REP;AUSTRALIA;2015
No;JBI DATABASE SYSTEM REV IMPLEMENT REP;AUSTRALIA;2015
No;JBI DATABASE SYSTEM REV IMPLEMENT REP;AUSTRALIA;2015
No;JBI DATABASE SYSTEM REV IMPLEMENT REP;AUSTRALIA;2015
No;JBI DATABASE SYSTEM REV IMPLEMENT REP;AUSTRALIA;2015
No;JBI DATABASE SYSTEM REV IMPLEMENT REP;AUSTRALIA;2015
No;JBI DATABASE SYSTEM REV IMPLEMENT REP;AUSTRALIA;2015
No;JBI DATABASE SYSTEM REV IMPLEMENT REP;AUSTRALIA;2015
No;JBI DATABASE SYSTEM REV IMPLEMENT REP;AUSTRALIA;2015
No;JBI DATABASE SYSTEM REV IMPLEMENT REP;AUSTRALIA;2015
No;JBI DATABASE SYSTEM REV IMPLEMENT REP;AUSTRALIA;2015
No;JBI DATABASE SYSTEM REV IMPLEMENT REP;AUSTRALIA;2015
No;JBI DATABASE SYSTEM REV IMPLEMENT REP;AUSTRALIA;2015
No;JBI DATABASE SYSTEM REV IMPLEMENT REP;AUSTRALIA;2015
No;JBI DATABASE SYSTEM REV IMPLEMENT REP;AUSTRALIA;2015
No;JBI DATABASE SYSTEM REV IMPLEMENT REP;AUSTRALIA;2015
No;JBI DATABASE SYSTEM REV IMPLEMENT REP;AUSTRALIA;2015
No;JBI DATABASE SYSTEM REV IMPLEMENT REP;AUSTRALIA;2015
No;JBI DATABASE SYSTEM REV IMPLEMENT REP;AUSTRALIA;2015
No;JBI DATABASE SYSTEM REV IMPLEMENT REP;AUSTRALIA;2015
No;JBI DATABASE SYSTEM REV IMPLEMENT REP;AUSTRALIA;2015
No;JBI DATABASE SYSTEM REV IMPLEMENT REP;AUSTRALIA;2015
No;JBI DATABASE SYSTEM REV IMPLEMENT REP;AUSTRALIA;2015
No;JBI DATABASE SYSTEM REV IMPLEMENT REP;AUSTRALIA;2015
No;JBI DATABASE SYSTEM REV IMPLEMENT REP;AUSTRALIA;2015
No;JBI DATABASE SYSTEM REV IMPLEMENT REP;AUSTRALIA;2015
No;JBI DATABASE SYSTEM REV IMPLEMENT REP;AUSTRALIA;2015
No;JBI DATABASE SYSTEM REV IMPLEMENT REP;AUSTRALIA;2015
No;JBI DATABASE SYSTEM REV IMPLEMENT REP;AUSTRALIA;2015
No;JBI DATABASE SYSTEM REV IMPLEMENT REP;AUSTRALIA;2015
No;JBI DATABASE SYSTEM REV IMPLEMENT REP;AUSTRALIA;2015
No;JBI DATABASE SYSTEM REV IMPLEMENT REP;AUSTRALIA;2015
No;JBI DATABASE SYSTEM REV IMPLEMENT REP;AUSTRALIA;2015
No;JBI DATABASE SYSTEM REV IMPLEMENT REP;AUSTRALIA;2015
No;JBI DATABASE SYSTEM REV IMPLEMENT REP;AUSTRALIA;2015
No;JBI DATABASE SYSTEM REV IMPLEMENT REP;AUSTRALIA;2015
No;JBI DATABASE SYSTEM REV IMPLEMENT REP;AUSTRALIA;2015
No;JBI DATABASE SYSTEM REV IMPLEMENT REP;AUSTRALIA;2015
No;JBI DATABASE SYSTEM REV IMPLEMENT REP;AUSTRALIA;2015
No;JBI DATABASE SYSTEM REV IMPLEMENT REP;AUSTRALIA;2015
No;JBI DATABASE SYSTEM REV IMPLEMENT REP;AUSTRALIA;2015
No;JBI DATABASE SYSTEM REV IMPLEMENT REP;AUSTRALIA;2015
No;JBI DATABASE SYSTEM REV IMPLEMENT REP;AUSTRALIA;2015
No;JBI DATABASE SYSTEM REV IMPLEMENT REP;AUSTRALIA;2015
No;JBI DATABASE SYSTEM REV IMPLEMENT REP;AUSTRALIA;2015
No;JBI DATABASE SYSTEM REV IMPLEMENT REP;AUSTRALIA;2015
No;JBI DATABASE SYSTEM REV IMPLEMENT REP;AUSTRALIA;2015
No;JBI DATABASE SYSTEM REV IMPLEMENT REP;AUSTRALIA;2015
No;JBI DATABASE SYSTEM REV IMPLEMENT REP;AUSTRALIA;2015
No;JBI DATABASE SYSTEM REV IMPLEMENT REP;AUSTRALIA;2015
No;JBI DATABASE SYSTEM REV IMPLEMENT REP;AUSTRALIA;2015
No;JBI DATABASE SYSTEM REV IMPLEMENT REP;AUSTRALIA;2015
No;JBI DATABASE SYSTEM REV IMPLEMENT REP;AUSTRALIA;2015
No;JBI DATABASE SYSTEM REV IMPLEMENT REP;AUSTRALIA;2015
No;JBI DATABASE SYSTEM REV IMPLEMENT REP;AUSTRALIA;2015
No;JBI DATABASE SYSTEM REV IMPLEMENT REP;AUSTRALIA;2015
No;BMJ OPEN;ENGLAND;2015
No;SYST REV;ENGLAND;2015
No;SYST REV;ENGLAND;2015
No;SYST REV;ENGLAND;2015
No;MAN THER;SCOTLAND;2015
No;BMJ OPEN;ENGLAND;2015
No;PSYCHOL RES BEHAV MANAG;NEW ZEALAND;2015
No;J MANIPULATIVE PHYSIOL THER;CANADA;2015
No;SYST REV;ENGLAND;2015
No;SPINE J;UNITED STATES;2015
No;TRIALS;ENGLAND;2015
No;SYST REV;ENGLAND;2015
No;J ADV NURS;ENGLAND;2015
No;TRENDS PSYCHIATRY PSYCHOTHER;PORTUGAL;2015
No;MUSCULOSKELETAL CARE;ENGLAND;2015
No;SEMIN. ARTHRITIS RHEUM.;UNITED STATES;2015
No;BMJ OPEN;ENGLAND;2015
No;J MANIPULATIVE PHYSIOL THER;CANADA;2015
No;J MANIPULATIVE PHYSIOL THER;CANADA;2015
No;BR J SPORTS MED;ENGLAND;2015
No;BMJ OPEN;ENGLAND;2015
No;JMIR RES PROTOC;UNITED STATES;2015
No;BMJ OPEN;ENGLAND;2015
No;SYST REV;ENGLAND;2015
No;BMJ OPEN;ENGLAND;2015
No;CLIN J PAIN;UNITED STATES;2015
No;MAN THER;SCOTLAND;2015
No;MAN THER;SCOTLAND;2015
No;TRIALS;UNITED KINGDOM;2015
No;BMJ OPEN;ENGLAND;2015
No;SYST REV;ENGLAND;2015
No;SYST REV;ENGLAND;2015
No;SYST REV;ENGLAND;2015
No;EUR SPINE J;GERMANY;2015
No;PARASITOL. RES.;GERMANY;2015
No;PARASITOL. RES.;GERMANY;2015
No;STROKE RES TREAT;UNITED STATES;2015
No;BMJ OPEN;ENGLAND;2015
No;J MED IMAGING RADIAT ONCOL;AUSTRALIA;2015
No;SYST REV;CANADA;2014
No;REPROD. BIOL. ENDOCRINOL.;ENGLAND;2014
No;SYST REV;CANADA;2014
No;PHYS THER;UNITED STATES;2014
No;J ADV NURS;ENGLAND;2014
No;VALUE HEALTH;UNITED STATES;2014
No;SYST REV;UNITED KINGDOM;2014
No;PLOS ONE;UNITED KINGDOM;2014
No;OPEN HEART;UNITED KINGDOM;2014
No;JMIR RES PROTOC;CANADA;2014
No;PLOS ONE;UNITED STATES;2014
No;J ADV NURS;ENGLAND;2014
No;SYST REV;ENGLAND;2014
No;SYST REV;ENGLAND;2014
No;BMJ OPEN;ENGLAND;2014
No;BMJ OPEN;ENGLAND;2014
No;SYST REV;ENGLAND;2014
No;SYST REV;ENGLAND;2014
No;SPINE J;UNITED STATES;2014
No;SYST REV;ENGLAND;2014
No;BMJ OPEN;ENGLAND;2014
No;SYST REV;UNITED KINGDOM;2014
No;SYST REV;UNITED KINGDOM;2014
No;BMJ OPEN;ENGLAND;2014
No;J ADV NURS;ENGLAND;2014
No;SYST REV;ENGLAND;2014
No;SPINE J;UNITED STATES;2014
No;SYST REV;UNITED KINGDOM;2014
No;BMJ OPEN;ENGLAND;2014
No;BMJ OPEN;ENGLAND;2014
No;SPINE J;UNITED STATES;2014
No;J OCCUP REHABIL;NETHERLANDS;2014
No;GYNECOL. ENDOCRINOL.;ENGLAND;2014
No;SYST REV;CANADA;2014
No;SYST REV;ENGLAND;2014
No;SYST REV;ENGLAND;2014
No;INT J MED INFORM;IRELAND;2014
No;SYST REV;ENGLAND;2013
No;SYST REV;UNITED KINGDOM;2013
No;ANN CARDIOTHORAC SURG;CHINA;2013
No;ANN CARDIOTHORAC SURG;CHINA;2013
No;INJ. PREV.;ENGLAND;2013
No;SYST REV;ENGLAND;2013
No;SYST REV;CANADA;2013
No;ANN CARDIOTHORAC SURG;CHINA;2013
No;ANN CARDIOTHORAC SURG;CHINA;2013
No;SYST REV;ENGLAND;2013
No;JPEN J PARENTER ENTERAL NUTR;UNITED STATES;2013
No;SYST REV;ENGLAND;2013
No;SYST REV;UNITED KINGDOM;2013
No;ANN CARDIOTHORAC SURG;CHINA;2013
No;SYST REV;CANADA;2013
No;SYST REV;ENGLAND;2013
No;SYST REV;ENGLAND;2013
No;J RES MED SCI;INDIA;2013
No;SYST REV;ENGLAND;2013
No;SYST REV;CANADA;2013
No;J ADV NURS;ENGLAND;2013
No;SYST REV;ENGLAND;2013
No;CLIN TRANSL ALLERGY;UNITED KINGDOM;2013
No;PRIM CARE RESPIR J;ENGLAND;2013
No;SYST REV;ENGLAND;2013
No;J. AGRIC. FOOD CHEM.;UNITED STATES;2013
No;CLIN TRANSL ALLERGY;UNITED KINGDOM;2013
No;SYST REV;ENGLAND;2013
No;SYST REV;ENGLAND;2013
No;CLIN TRANSL ALLERGY;ENGLAND;2013
No;CLIN TRANSL ALLERGY;UNITED KINGDOM;2013
No;CLIN TRANSL ALLERGY;UNITED KINGDOM;2013
No;CLIN TRANSL ALLERGY;ENGLAND;2013
No;CLIN TRANSL ALLERGY;UNITED KINGDOM;2013
No;SYST REV;CANADA;2013
No;CAN PHARM J (OTT);UNITED KINGDOM;2013
No;TRIALS;ENGLAND;2013
No;SYST REV;CANADA;2013
No;SYST REV;ENGLAND;2013
No;BMC MED RES METHODOL;UNITED KINGDOM;2013
No;PRIM CARE RESPIR J;UNITED KINGDOM;2013
No;SYST REV;ENGLAND;2013
No;SYST REV;ENGLAND;2013
No;WORLD J SURG ONCOL;ENGLAND;2013
No;SYST REV;ENGLAND;2013
No;BMJ OPEN;UNITED KINGDOM;2013
No;SYST REV;ENGLAND;2013
No;SYST REV;ENGLAND;2012
No;SYST REV;ENGLAND;2012
No;SYST REV;ENGLAND;2012
No;SYST REV;CANADA;2012
No;SYST REV;ENGLAND;2012
No;SYST REV;CANADA;2012
No;SYST REV;UNITED KINGDOM;2012
No;SYST REV;ENGLAND;2012
No;SYST REV;ENGLAND;2012
No;J ADV NURS;ENGLAND;2012
No;SYST REV;ENGLAND;2012
No;SYST REV;ENGLAND;2012
No;SYST REV;ENGLAND;2012
No;NEUROCRIT CARE;UNITED STATES;2012
No;J ADV NURS;ENGLAND;2012
No;BMC FAM PRACT;ENGLAND;2012
No;SYST REV;CANADA;2012
No;BR. J. CANCER;UNITED KINGDOM;2012
No;SYST REV;UNITED KINGDOM;2012
No;SYST REV;ENGLAND;2012
No;SYST REV;ENGLAND;2012
No;SYST REV;CANADA;2012
No;SYST REV;ENGLAND;2012
No;BMJ OPEN;ENGLAND;2012
No;JBI LIBR SYST REV;AUSTRALIA;2012
No;JBI LIBR SYST REV;AUSTRALIA;2012
No;JBI LIBR SYST REV;AUSTRALIA;2012
No;JBI LIBR SYST REV;AUSTRALIA;2012
No;JBI LIBR SYST REV;AUSTRALIA;2012
No;JBI LIBR SYST REV;AUSTRALIA;2012
No;BMC FAM PRACT;ENGLAND;2011
No;WORLD J SURG ONCOL;ENGLAND;2011
No;BMC RES NOTES;ENGLAND;2011
No;J ADV NURS;ENGLAND;2011
No;BMC PUBLIC HEALTH;UNITED KINGDOM;2011
No;IMPLEMENT SCI;ENGLAND;2011
No;TRANSPL INFECT DIS;DENMARK;2011
No;IMPLEMENT SCI;ENGLAND;2011
No;JBI LIBR SYST REV;AUSTRALIA;2011
No;ARTIF INTELL MED;CANADA;2010
No;BMC RES NOTES;UNITED KINGDOM;2010
No;ANESTH. ANALG.;UNITED STATES;2010
No;BMC PUBLIC HEALTH;UNITED KINGDOM;2010
No;JBI LIBR SYST REV;AUSTRALIA;2010
No;JBI LIBR SYST REV;AUSTRALIA;2010
No;JBI LIBR SYST REV;AUSTRALIA;2010
No;JBI LIBR SYST REV;AUSTRALIA;2010
No;JBI LIBR SYST REV;AUSTRALIA;2010
No;JBI LIBR SYST REV;AUSTRALIA;2010
No;JBI LIBR SYST REV;AUSTRALIA;2010
No;JBI LIBR SYST REV;AUSTRALIA;2010
No;INFORM PRIM CARE;ENGLAND;2010
No;ARCH ORTHOP TRAUMA SURG;GERMANY;2009
No;J ADV NURS;ENGLAND;2009
No;TRIALS;CANADA;2009
No;J SHOULDER ELBOW SURG;UNITED STATES;2009
No;PRIM CARE DIABETES;ENGLAND;2009
No;JBI LIBR SYST REV;AUSTRALIA;2009
No;JBI LIBR SYST REV;AUSTRALIA;2009
No;J SHOULDER ELBOW SURG;UNITED STATES;2008
No;HUM. REPROD.;ENGLAND;2007
No;BJOG;ENGLAND;2006
No;HUM. REPROD. UPDATE;ENGLAND;2005
No;JBI LIBR SYST REV;AUSTRALIA;2005
No;JBI LIBR SYST REV;AUSTRALIA;2005
No;BMC MED. GENET.;ENGLAND;2004
No;AUST N Z J OBSTET GYNAECOL;AUSTRALIA;2004
No;CLIN REHABIL;ENGLAND;2003
No;J. ACQUIR. IMMUNE DEFIC. SYNDR.;UNITED STATES;2002
No;J R SOC MED;ENGLAND;1998
